Date and Time,Rainfall units,Cumulative Rainfall  (cm) ,Rainfall (cm)
12/24/20 15:24,1,0.02,0.02
12/24/20 15:50,2,0.04,0.02
12/24/20 16:06,3,0.06,0.02
12/28/20 0:54,4,0.08,0.02
12/28/20 0:56,5,0.1,0.02
12/28/20 0:58,6,0.12,0.02
12/28/20 0:59,7,0.14,0.02
12/28/20 1:03,8,0.16,0.02
12/28/20 1:06,9,0.18,0.02
12/28/20 1:10,10,0.2,0.02
12/28/20 1:12,11,0.22,0.02
12/28/20 1:14,12,0.24,0.02
12/28/20 1:15,13,0.26,0.02
12/28/20 1:16,14,0.28,0.02
12/28/20 1:17,15,0.3,0.02
12/28/20 1:17,16,0.32,0.02
12/28/20 1:18,17,0.34,0.02
12/28/20 1:19,18,0.36,0.02
12/28/20 1:20,19,0.38,0.02
12/28/20 1:21,20,0.4,0.02
12/28/20 1:21,21,0.42,0.02
12/28/20 1:22,22,0.44,0.02
12/28/20 1:22,23,0.46,0.02
12/28/20 1:22,24,0.48,0.02
12/28/20 1:23,25,0.5,0.02
12/28/20 1:24,26,0.52,0.02
12/28/20 1:26,27,0.54,0.02
12/28/20 1:28,28,0.56,0.02
12/28/20 1:30,29,0.58,0.02
12/28/20 1:31,30,0.6,0.02
12/28/20 1:33,31,0.62,0.02
12/28/20 1:34,32,0.64,0.02
12/28/20 1:35,33,0.66,0.02
12/28/20 1:37,34,0.68,0.02
12/28/20 1:39,35,0.7,0.02
12/28/20 1:41,36,0.72,0.02
12/28/20 1:42,37,0.74,0.02
12/28/20 1:45,38,0.76,0.02
12/28/20 1:48,39,0.78,0.02
12/28/20 1:51,40,0.8,0.02
12/28/20 1:54,41,0.82,0.02
12/28/20 1:57,42,0.84,0.02
12/28/20 2:00,43,0.86,0.02
12/28/20 2:03,44,0.88,0.02
12/28/20 2:05,45,0.9,0.02
12/28/20 2:07,46,0.92,0.02
12/28/20 2:10,47,0.94,0.02
12/28/20 2:13,48,0.96,0.02
12/28/20 2:15,49,0.98,0.02
12/28/20 2:17,50,1,0.02
12/28/20 2:19,51,1.02,0.02
12/28/20 2:22,52,1.04,0.02
12/28/20 2:24,53,1.06,0.02
12/28/20 2:26,54,1.08,0.02
12/28/20 2:28,55,1.1,0.02
12/28/20 2:30,56,1.12,0.02
12/28/20 2:32,57,1.14,0.02
12/28/20 2:34,58,1.16,0.02
12/28/20 2:35,59,1.18,0.02
12/28/20 2:36,60,1.2,0.02
12/28/20 2:38,61,1.22,0.02
12/28/20 2:40,62,1.24,0.02
12/28/20 2:43,63,1.26,0.02
12/28/20 2:46,64,1.28,0.02
12/28/20 2:49,65,1.3,0.02
12/28/20 2:54,66,1.32,0.02
12/28/20 3:01,67,1.34,0.02
12/28/20 3:18,68,1.36,0.02
12/28/20 3:31,69,1.38,0.02
12/28/20 3:40,70,1.4,0.02
12/28/20 3:44,71,1.42,0.02
12/28/20 3:47,72,1.44,0.02
12/28/20 3:50,73,1.46,0.02
12/28/20 3:52,74,1.48,0.02
12/28/20 3:55,75,1.5,0.02
12/28/20 4:01,76,1.52,0.02
12/28/20 4:08,77,1.54,0.02
12/28/20 4:14,78,1.56,0.02
12/28/20 4:53,79,1.58,0.02
12/28/20 5:11,80,1.6,0.02
12/28/20 6:28,81,1.62,0.02
12/28/20 6:31,82,1.64,0.02
12/28/20 6:35,83,1.66,0.02
12/28/20 6:38,84,1.68,0.02
12/28/20 6:40,85,1.7,0.02
12/28/20 6:41,86,1.72,0.02
12/28/20 6:43,87,1.74,0.02
12/28/20 6:44,88,1.76,0.02
12/28/20 6:45,89,1.78,0.02
12/28/20 6:46,90,1.8,0.02
12/28/20 6:48,91,1.82,0.02
12/28/20 6:50,92,1.84,0.02
12/28/20 6:52,93,1.86,0.02
12/28/20 6:54,94,1.88,0.02
12/28/20 6:57,95,1.9,0.02
12/28/20 6:59,96,1.92,0.02
12/28/20 7:01,97,1.94,0.02
12/28/20 7:03,98,1.96,0.02
12/28/20 7:05,99,1.98,0.02
12/28/20 7:09,100,2,0.02
12/28/20 7:13,101,2.02,0.02
12/28/20 7:18,102,2.04,0.02
12/28/20 7:24,103,2.06,0.02
12/28/20 7:29,104,2.08,0.02
12/28/20 7:34,105,2.1,0.02
12/28/20 7:38,106,2.12,0.02
12/28/20 7:41,107,2.14,0.02
12/28/20 7:43,108,2.16,0.02
12/28/20 7:44,109,2.18,0.02
12/28/20 7:46,110,2.2,0.02
12/28/20 7:49,111,2.22,0.02
12/28/20 8:38,112,2.24,0.02
12/28/20 10:59,113,2.26,0.02
12/28/20 11:03,114,2.28,0.02
12/28/20 11:08,115,2.3,0.02
12/28/20 11:15,116,2.32,0.02
12/28/20 12:46,117,2.34,0.02
12/28/20 12:51,118,2.36,0.02
12/28/20 12:54,119,2.38,0.02
12/28/20 12:56,120,2.4,0.02
12/28/20 12:58,121,2.42,0.02
12/28/20 13:00,122,2.44,0.02
12/28/20 13:03,123,2.46,0.02
12/28/20 13:06,124,2.48,0.02
12/28/20 13:09,125,2.5,0.02
12/28/20 13:12,126,2.52,0.02
12/28/20 13:16,127,2.54,0.02
12/28/20 13:19,128,2.56,0.02
12/28/20 13:22,129,2.58,0.02
12/28/20 13:25,130,2.6,0.02
12/28/20 13:28,131,2.62,0.02
12/28/20 13:31,132,2.64,0.02
12/28/20 13:34,133,2.66,0.02
12/28/20 13:38,134,2.68,0.02
12/28/20 13:41,135,2.7,0.02
12/28/20 13:44,136,2.72,0.02
12/28/20 13:47,137,2.74,0.02
12/28/20 13:50,138,2.76,0.02
12/28/20 13:52,139,2.78,0.02
12/28/20 13:55,140,2.8,0.02
12/28/20 13:57,141,2.82,0.02
12/28/20 14:00,142,2.84,0.02
12/28/20 14:02,143,2.86,0.02
12/28/20 14:04,144,2.88,0.02
12/28/20 14:07,145,2.9,0.02
12/28/20 14:09,146,2.92,0.02
12/28/20 14:11,147,2.94,0.02
12/28/20 14:13,148,2.96,0.02
12/28/20 14:16,149,2.98,0.02
12/28/20 14:18,150,3,0.02
12/28/20 14:22,151,3.02,0.02
12/28/20 14:25,152,3.04,0.02
12/28/20 14:31,153,3.06,0.02
12/28/20 14:33,154,3.08,0.02
12/28/20 14:46,155,3.1,0.02
12/28/20 14:49,156,3.12,0.02
12/28/20 14:51,157,3.14,0.02
12/28/20 14:52,158,3.16,0.02
12/28/20 14:54,159,3.18,0.02
12/28/20 14:56,160,3.2,0.02
12/28/20 14:58,161,3.22,0.02
12/28/20 15:01,162,3.24,0.02
12/28/20 15:03,163,3.26,0.02
12/28/20 15:06,164,3.28,0.02
12/28/20 15:15,165,3.3,0.02
12/28/20 15:36,166,3.32,0.02
12/28/20 17:01,167,3.34,0.02
12/28/20 17:10,168,3.36,0.02
12/28/20 17:20,169,3.38,0.02
12/28/20 17:23,170,3.4,0.02
12/28/20 17:27,171,3.42,0.02
12/28/20 17:30,172,3.44,0.02
12/28/20 17:32,173,3.46,0.02
12/28/20 17:34,174,3.48,0.02
12/28/20 17:37,175,3.5,0.02
12/28/20 17:40,176,3.52,0.02
12/28/20 17:44,177,3.54,0.02
12/28/20 17:47,178,3.56,0.02
12/28/20 17:49,179,3.58,0.02
12/28/20 17:52,180,3.6,0.02
12/28/20 17:57,181,3.62,0.02
12/28/20 18:03,182,3.64,0.02
12/28/20 18:07,183,3.66,0.02
12/28/20 18:10,184,3.68,0.02
12/28/20 18:12,185,3.7,0.02
12/28/20 18:14,186,3.72,0.02
12/28/20 18:18,187,3.74,0.02
12/28/20 18:20,188,3.76,0.02
12/28/20 18:24,189,3.78,0.02
12/28/20 18:31,190,3.8,0.02
12/28/20 18:48,191,3.82,0.02
12/28/20 19:50,192,3.84,0.02
12/28/20 22:41,193,3.86,0.02
12/29/20 7:49,194,3.88,0.02
12/29/20 7:50,195,3.9,0.02
12/29/20 7:50,196,3.92,0.02
12/29/20 7:51,197,3.94,0.02
12/29/20 7:51,198,3.96,0.02
12/29/20 7:57,199,3.98,0.02
12/29/20 8:02,200,4,0.02
12/29/20 8:06,201,4.02,0.02
12/29/20 8:14,202,4.04,0.02
12/29/20 8:19,203,4.06,0.02
12/29/20 8:24,204,4.08,0.02
12/29/20 8:30,205,4.1,0.02
12/29/20 8:34,206,4.12,0.02
12/29/20 8:36,207,4.14,0.02
12/29/20 8:39,208,4.16,0.02
12/29/20 8:42,209,4.18,0.02
12/29/20 8:47,210,4.2,0.02
12/29/20 8:48,211,4.22,0.02
12/29/20 8:50,212,4.24,0.02
12/29/20 8:53,213,4.26,0.02
12/29/20 8:57,214,4.28,0.02
12/29/20 9:01,215,4.3,0.02
12/29/20 9:04,216,4.32,0.02
12/29/20 9:07,217,4.34,0.02
12/29/20 9:11,218,4.36,0.02
12/29/20 9:12,219,4.38,0.02
12/29/20 9:13,220,4.4,0.02
12/29/20 9:14,221,4.42,0.02
12/29/20 9:18,222,4.44,0.02
12/29/20 9:22,223,4.46,0.02
12/29/20 9:25,224,4.48,0.02
12/29/20 9:26,225,4.5,0.02
12/29/20 9:29,226,4.52,0.02
12/29/20 9:32,227,4.54,0.02
12/29/20 9:35,228,4.56,0.02
12/29/20 9:37,229,4.58,0.02
12/29/20 9:41,230,4.6,0.02
12/29/20 9:43,231,4.62,0.02
12/29/20 9:47,232,4.64,0.02
12/29/20 9:49,233,4.66,0.02
12/29/20 9:51,234,4.68,0.02
12/29/20 9:55,235,4.7,0.02
1/22/21 20:47,236,4.72,0.02
1/22/21 21:21,237,4.74,0.02
1/22/21 21:21,238,4.76,0.02
1/22/21 21:22,239,4.78,0.02
1/22/21 21:23,240,4.8,0.02
1/22/21 21:24,241,4.82,0.02
1/22/21 21:30,242,4.84,0.02
1/22/21 21:44,243,4.86,0.02
1/22/21 21:50,244,4.88,0.02
1/22/21 21:54,245,4.9,0.02
1/22/21 21:56,246,4.92,0.02
1/22/21 22:01,247,4.94,0.02
1/22/21 22:05,248,4.96,0.02
1/22/21 22:08,249,4.98,0.02
1/22/21 22:28,250,5,0.02
1/22/21 22:35,251,5.02,0.02
1/23/21 1:05,252,5.04,0.02
1/23/21 1:20,253,5.06,0.02
1/23/21 4:17,254,5.08,0.02
1/23/21 4:34,255,5.1,0.02
1/23/21 4:43,256,5.12,0.02
1/23/21 11:48,257,5.14,0.02
1/23/21 12:08,258,5.16,0.02
1/23/21 12:28,259,5.18,0.02
1/23/21 17:17,260,5.2,0.02
1/23/21 17:39,261,5.22,0.02
1/23/21 17:49,262,5.24,0.02
1/23/21 17:59,263,5.26,0.02
1/23/21 18:03,264,5.28,0.02
1/23/21 18:05,265,5.3,0.02
1/23/21 18:10,266,5.32,0.02
1/23/21 18:14,267,5.34,0.02
1/23/21 18:17,268,5.36,0.02
1/23/21 18:19,269,5.38,0.02
1/23/21 18:25,270,5.4,0.02
1/23/21 18:29,271,5.42,0.02
1/23/21 18:34,272,5.44,0.02
1/23/21 18:50,273,5.46,0.02
1/23/21 19:33,274,5.48,0.02
1/24/21 0:46,275,5.5,0.02
1/24/21 1:37,276,5.52,0.02
1/24/21 16:58,277,5.54,0.02
1/24/21 17:00,278,5.56,0.02
1/24/21 17:02,279,5.58,0.02
1/24/21 17:05,280,5.6,0.02
1/24/21 17:07,281,5.62,0.02
1/24/21 17:08,282,5.64,0.02
1/24/21 17:09,283,5.66,0.02
1/24/21 17:10,284,5.68,0.02
1/24/21 17:12,285,5.7,0.02
1/24/21 17:13,286,5.72,0.02
1/24/21 17:14,287,5.74,0.02
1/24/21 17:24,288,5.76,0.02
1/24/21 19:33,289,5.78,0.02
1/24/21 19:46,290,5.8,0.02
1/24/21 20:17,291,5.82,0.02
1/24/21 20:18,292,5.84,0.02
1/24/21 20:19,293,5.86,0.02
1/24/21 20:20,294,5.88,0.02
1/24/21 20:21,295,5.9,0.02
1/24/21 20:27,296,5.92,0.02
1/24/21 20:33,297,5.94,0.02
1/24/21 20:34,298,5.96,0.02
1/24/21 20:38,299,5.98,0.02
1/24/21 20:38,300,6,0.02
1/24/21 20:39,301,6.02,0.02
1/24/21 20:39,302,6.04,0.02
1/24/21 20:40,303,6.06,0.02
1/24/21 20:40,304,6.08,0.02
1/24/21 20:41,305,6.1,0.02
1/24/21 20:41,306,6.12,0.02
1/24/21 20:42,307,6.14,0.02
1/24/21 20:43,308,6.16,0.02
1/24/21 20:44,309,6.18,0.02
1/24/21 20:45,310,6.2,0.02
1/24/21 20:46,311,6.22,0.02
1/24/21 20:47,312,6.24,0.02
1/24/21 20:56,313,6.26,0.02
1/24/21 20:57,314,6.28,0.02
1/24/21 21:00,315,6.3,0.02
1/24/21 21:42,316,6.32,0.02
1/24/21 22:15,317,6.34,0.02
1/24/21 22:21,318,6.36,0.02
1/24/21 22:28,319,6.38,0.02
1/24/21 22:57,320,6.4,0.02
1/24/21 23:43,321,6.42,0.02
1/25/21 0:02,322,6.44,0.02
1/25/21 0:32,323,6.46,0.02
1/25/21 0:34,324,6.48,0.02
1/25/21 0:44,325,6.5,0.02
1/25/21 0:55,326,6.52,0.02
1/25/21 0:59,327,6.54,0.02
1/25/21 1:01,328,6.56,0.02
1/25/21 1:06,329,6.58,0.02
1/25/21 1:11,330,6.6,0.02
1/25/21 1:13,331,6.62,0.02
1/25/21 1:15,332,6.64,0.02
1/25/21 1:19,333,6.66,0.02
1/25/21 1:25,334,6.68,0.02
1/25/21 2:19,335,6.7,0.02
1/25/21 2:40,336,6.72,0.02
1/25/21 2:48,337,6.74,0.02
1/25/21 2:54,338,6.76,0.02
1/25/21 2:58,339,6.78,0.02
1/25/21 3:00,340,6.8,0.02
1/25/21 3:02,341,6.82,0.02
1/25/21 3:04,342,6.84,0.02
1/25/21 3:08,343,6.86,0.02
1/25/21 3:11,344,6.88,0.02
1/25/21 3:15,345,6.9,0.02
1/25/21 3:18,346,6.92,0.02
1/25/21 3:20,347,6.94,0.02
1/25/21 3:21,348,6.96,0.02
1/25/21 3:22,349,6.98,0.02
1/25/21 3:23,350,7,0.02
1/25/21 3:25,351,7.02,0.02
1/25/21 3:26,352,7.04,0.02
1/25/21 3:27,353,7.06,0.02
1/25/21 3:28,354,7.08,0.02
1/25/21 3:30,355,7.1,0.02
1/25/21 3:32,356,7.12,0.02
1/25/21 3:35,357,7.14,0.02
1/25/21 3:39,358,7.16,0.02
1/25/21 3:47,359,7.18,0.02
1/25/21 3:54,360,7.2,0.02
1/25/21 4:12,361,7.22,0.02
1/25/21 5:41,362,7.24,0.02
1/25/21 8:09,363,7.26,0.02
1/25/21 8:35,364,7.28,0.02
1/25/21 8:37,365,7.3,0.02
1/25/21 8:41,366,7.32,0.02
1/25/21 8:45,367,7.34,0.02
1/25/21 8:49,368,7.36,0.02
1/25/21 8:56,369,7.38,0.02
1/25/21 9:02,370,7.4,0.02
1/25/21 9:06,371,7.42,0.02
1/25/21 9:14,372,7.44,0.02
1/25/21 9:23,373,7.46,0.02
1/25/21 9:33,374,7.48,0.02
1/28/21 20:16,375,7.5,0.02
1/28/21 20:18,376,7.52,0.02
1/28/21 20:20,377,7.54,0.02
1/28/21 20:22,378,7.56,0.02
1/28/21 20:24,379,7.58,0.02
1/28/21 20:26,380,7.6,0.02
1/28/21 20:27,381,7.62,0.02
1/28/21 20:29,382,7.64,0.02
1/28/21 20:30,383,7.66,0.02
1/28/21 20:31,384,7.68,0.02
1/28/21 20:32,385,7.7,0.02
1/28/21 20:33,386,7.72,0.02
1/28/21 20:33,387,7.74,0.02
1/28/21 20:35,388,7.76,0.02
1/28/21 20:36,389,7.78,0.02
1/28/21 20:37,390,7.8,0.02
1/28/21 20:39,391,7.82,0.02
1/28/21 20:40,392,7.84,0.02
1/28/21 20:42,393,7.86,0.02
1/28/21 20:43,394,7.88,0.02
1/28/21 20:44,395,7.9,0.02
1/28/21 20:46,396,7.92,0.02
1/28/21 20:47,397,7.94,0.02
1/28/21 20:49,398,7.96,0.02
1/28/21 20:50,399,7.98,0.02
1/28/21 20:51,400,8,0.02
1/28/21 20:53,401,8.02,0.02
1/28/21 20:54,402,8.04,0.02
1/28/21 20:56,403,8.06,0.02
1/28/21 20:57,404,8.08,0.02
1/28/21 20:58,405,8.1,0.02
1/28/21 20:59,406,8.12,0.02
1/28/21 21:00,407,8.14,0.02
1/28/21 21:02,408,8.16,0.02
1/28/21 21:04,409,8.18,0.02
1/28/21 21:05,410,8.2,0.02
1/28/21 21:06,411,8.22,0.02
1/28/21 21:08,412,8.24,0.02
1/28/21 21:10,413,8.26,0.02
1/28/21 21:12,414,8.28,0.02
1/28/21 21:14,415,8.3,0.02
1/28/21 21:16,416,8.32,0.02
1/28/21 21:17,417,8.34,0.02
1/28/21 21:19,418,8.36,0.02
1/28/21 21:21,419,8.38,0.02
1/28/21 21:24,420,8.4,0.02
1/28/21 21:27,421,8.42,0.02
1/28/21 21:29,422,8.44,0.02
1/28/21 21:30,423,8.46,0.02
1/28/21 21:31,424,8.48,0.02
1/28/21 21:33,425,8.5,0.02
1/28/21 21:34,426,8.52,0.02
1/28/21 21:36,427,8.54,0.02
1/28/21 21:37,428,8.56,0.02
1/28/21 21:38,429,8.58,0.02
1/28/21 21:38,430,8.6,0.02
1/28/21 21:39,431,8.62,0.02
1/28/21 21:39,432,8.64,0.02
1/28/21 21:40,433,8.66,0.02
1/28/21 21:41,434,8.68,0.02
1/28/21 21:42,435,8.7,0.02
1/28/21 21:43,436,8.72,0.02
1/28/21 21:44,437,8.74,0.02
1/28/21 21:46,438,8.76,0.02
1/28/21 21:47,439,8.78,0.02
1/28/21 21:49,440,8.8,0.02
1/28/21 21:51,441,8.82,0.02
1/28/21 21:52,442,8.84,0.02
1/28/21 21:54,443,8.86,0.02
1/28/21 21:56,444,8.88,0.02
1/28/21 21:58,445,8.9,0.02
1/28/21 22:00,446,8.92,0.02
1/28/21 22:01,447,8.94,0.02
1/28/21 22:04,448,8.96,0.02
1/28/21 22:07,449,8.98,0.02
1/28/21 22:09,450,9,0.02
1/28/21 22:11,451,9.02,0.02
1/28/21 22:12,452,9.04,0.02
1/28/21 22:13,453,9.06,0.02
1/28/21 22:14,454,9.08,0.02
1/28/21 22:16,455,9.1,0.02
1/28/21 22:18,456,9.12,0.02
1/28/21 22:19,457,9.14,0.02
1/28/21 22:21,458,9.16,0.02
1/28/21 22:23,459,9.18,0.02
1/28/21 22:25,460,9.2,0.02
1/28/21 22:28,461,9.22,0.02
1/28/21 22:29,462,9.24,0.02
1/28/21 22:32,463,9.26,0.02
1/28/21 22:33,464,9.28,0.02
1/28/21 22:35,465,9.3,0.02
1/28/21 22:36,466,9.32,0.02
1/28/21 22:39,467,9.34,0.02
1/28/21 22:41,468,9.36,0.02
1/28/21 22:43,469,9.38,0.02
1/28/21 22:45,470,9.4,0.02
1/28/21 22:48,471,9.42,0.02
1/28/21 22:50,472,9.44,0.02
1/28/21 22:51,473,9.46,0.02
1/28/21 22:53,474,9.48,0.02
1/28/21 22:55,475,9.5,0.02
1/28/21 22:58,476,9.52,0.02
1/28/21 22:59,477,9.54,0.02
1/28/21 23:01,478,9.56,0.02
1/28/21 23:03,479,9.58,0.02
1/28/21 23:05,480,9.6,0.02
1/28/21 23:07,481,9.62,0.02
1/28/21 23:09,482,9.64,0.02
1/28/21 23:11,483,9.66,0.02
1/28/21 23:12,484,9.68,0.02
1/28/21 23:15,485,9.7,0.02
1/28/21 23:17,486,9.72,0.02
1/28/21 23:20,487,9.74,0.02
1/28/21 23:21,488,9.76,0.02
1/28/21 23:24,489,9.78,0.02
1/28/21 23:26,490,9.8,0.02
1/28/21 23:27,491,9.82,0.02
1/28/21 23:30,492,9.84,0.02
1/28/21 23:32,493,9.86,0.02
1/28/21 23:34,494,9.88,0.02
1/28/21 23:37,495,9.9,0.02
1/28/21 23:39,496,9.92,0.02
1/28/21 23:42,497,9.94,0.02
1/28/21 23:45,498,9.96,0.02
1/28/21 23:48,499,9.98,0.02
1/28/21 23:50,500,10,0.02
1/28/21 23:53,501,10.02,0.02
1/28/21 23:55,502,10.04,0.02
1/28/21 23:57,503,10.06,0.02
1/28/21 23:59,504,10.08,0.02
1/29/21 0:01,505,10.1,0.02
1/29/21 0:02,506,10.12,0.02
1/29/21 0:05,507,10.14,0.02
1/29/21 0:06,508,10.16,0.02
1/29/21 0:07,509,10.18,0.02
1/29/21 0:09,510,10.2,0.02
1/29/21 0:11,511,10.22,0.02
1/29/21 0:14,512,10.24,0.02
1/29/21 0:15,513,10.26,0.02
1/29/21 0:17,514,10.28,0.02
1/29/21 0:18,515,10.3,0.02
1/29/21 0:20,516,10.32,0.02
1/29/21 0:22,517,10.34,0.02
1/29/21 0:23,518,10.36,0.02
1/29/21 0:25,519,10.38,0.02
1/29/21 0:27,520,10.4,0.02
1/29/21 0:29,521,10.42,0.02
1/29/21 0:30,522,10.44,0.02
1/29/21 0:31,523,10.46,0.02
1/29/21 0:33,524,10.48,0.02
1/29/21 0:34,525,10.5,0.02
1/29/21 0:35,526,10.52,0.02
1/29/21 0:36,527,10.54,0.02
1/29/21 0:38,528,10.56,0.02
1/29/21 0:39,529,10.58,0.02
1/29/21 0:41,530,10.6,0.02
1/29/21 0:42,531,10.62,0.02
1/29/21 0:44,532,10.64,0.02
1/29/21 0:46,533,10.66,0.02
1/29/21 0:47,534,10.68,0.02
1/29/21 0:49,535,10.7,0.02
1/29/21 0:50,536,10.72,0.02
1/29/21 0:51,537,10.74,0.02
1/29/21 0:52,538,10.76,0.02
1/29/21 0:53,539,10.78,0.02
1/29/21 0:55,540,10.8,0.02
1/29/21 0:57,541,10.82,0.02
1/29/21 1:00,542,10.84,0.02
1/29/21 1:04,543,10.86,0.02
1/29/21 1:06,544,10.88,0.02
1/29/21 1:09,545,10.9,0.02
1/29/21 1:12,546,10.92,0.02
1/29/21 1:15,547,10.94,0.02
1/29/21 1:17,548,10.96,0.02
1/29/21 1:24,549,10.98,0.02
1/29/21 1:31,550,11,0.02
1/29/21 1:37,551,11.02,0.02
1/29/21 1:41,552,11.04,0.02
1/29/21 1:45,553,11.06,0.02
1/29/21 1:48,554,11.08,0.02
1/29/21 1:51,555,11.1,0.02
1/29/21 1:53,556,11.12,0.02
1/29/21 1:55,557,11.14,0.02
1/29/21 1:57,558,11.16,0.02
1/29/21 2:00,559,11.18,0.02
1/29/21 2:04,560,11.2,0.02
1/29/21 2:06,561,11.22,0.02
1/29/21 2:08,562,11.24,0.02
1/29/21 2:10,563,11.26,0.02
1/29/21 2:12,564,11.28,0.02
1/29/21 2:16,565,11.3,0.02
1/29/21 2:18,566,11.32,0.02
1/29/21 2:22,567,11.34,0.02
1/29/21 2:26,568,11.36,0.02
1/29/21 2:29,569,11.38,0.02
1/29/21 2:32,570,11.4,0.02
1/29/21 2:36,571,11.42,0.02
1/29/21 2:42,572,11.44,0.02
1/29/21 2:53,573,11.46,0.02
1/29/21 2:59,574,11.48,0.02
1/29/21 3:02,575,11.5,0.02
1/29/21 3:03,576,11.52,0.02
1/29/21 3:04,577,11.54,0.02
1/29/21 3:07,578,11.56,0.02
1/29/21 3:10,579,11.58,0.02
1/29/21 3:18,580,11.6,0.02
1/29/21 3:20,581,11.62,0.02
1/29/21 3:23,582,11.64,0.02
1/29/21 3:28,583,11.66,0.02
1/29/21 3:34,584,11.68,0.02
1/29/21 3:39,585,11.7,0.02
1/29/21 3:47,586,11.72,0.02
1/29/21 3:55,587,11.74,0.02
1/29/21 4:20,588,11.76,0.02
1/29/21 4:26,589,11.78,0.02
1/29/21 4:31,590,11.8,0.02
1/29/21 4:35,591,11.82,0.02
1/29/21 4:39,592,11.84,0.02
1/29/21 5:01,593,11.86,0.02
1/29/21 5:20,594,11.88,0.02
1/29/21 5:22,595,11.9,0.02
1/29/21 5:27,596,11.92,0.02
1/29/21 5:28,597,11.94,0.02
1/29/21 5:34,598,11.96,0.02
1/29/21 5:36,599,11.98,0.02
1/29/21 5:41,600,12,0.02
1/29/21 5:42,601,12.02,0.02
1/29/21 5:44,602,12.04,0.02
1/29/21 5:45,603,12.06,0.02
1/29/21 5:46,604,12.08,0.02
1/29/21 5:46,605,12.1,0.02
1/29/21 5:48,606,12.12,0.02
1/29/21 5:52,607,12.14,0.02
1/29/21 5:55,608,12.16,0.02
1/29/21 5:56,609,12.18,0.02
1/29/21 5:57,610,12.2,0.02
1/29/21 5:58,611,12.22,0.02
1/29/21 6:00,612,12.24,0.02
1/29/21 6:49,613,12.26,0.02
1/29/21 7:02,614,12.28,0.02
1/29/21 7:19,615,12.3,0.02
1/29/21 7:20,616,12.32,0.02
1/29/21 7:20,617,12.34,0.02
1/29/21 7:21,618,12.36,0.02
1/29/21 7:22,619,12.38,0.02
1/29/21 7:23,620,12.4,0.02
1/29/21 7:30,621,12.42,0.02
1/29/21 7:38,622,12.44,0.02
1/29/21 7:40,623,12.46,0.02
1/29/21 7:41,624,12.48,0.02
1/29/21 7:44,625,12.5,0.02
1/29/21 8:05,626,12.52,0.02
1/29/21 8:35,627,12.54,0.02
1/29/21 8:45,628,12.56,0.02
1/29/21 8:48,629,12.58,0.02
1/29/21 8:53,630,12.6,0.02
1/29/21 8:57,631,12.62,0.02
1/29/21 9:03,632,12.64,0.02
1/29/21 9:07,633,12.66,0.02
1/29/21 9:12,634,12.68,0.02
1/29/21 9:21,635,12.7,0.02
1/29/21 9:28,636,12.72,0.02
1/29/21 9:33,637,12.74,0.02
1/29/21 9:39,638,12.76,0.02
1/29/21 9:45,639,12.78,0.02
1/29/21 11:11,640,12.8,0.02
1/29/21 11:22,641,12.82,0.02
1/29/21 11:48,642,12.84,0.02
1/29/21 12:01,643,12.86,0.02
1/29/21 12:11,644,12.88,0.02
1/29/21 12:24,645,12.9,0.02
1/29/21 12:29,646,12.92,0.02
1/29/21 13:18,647,12.94,0.02
1/29/21 13:34,648,12.96,0.02
1/29/21 13:42,649,12.98,0.02
1/29/21 14:11,650,13,0.02
1/29/21 14:17,651,13.02,0.02
1/29/21 14:27,652,13.04,0.02
2/12/21 6:49,653,13.06,0.02
2/12/21 8:01,654,13.08,0.02
3/8/21 1:41,655,13.1,0.02
3/10/21 2:37,656,13.12,0.02
3/10/21 2:45,657,13.14,0.02
3/10/21 2:51,658,13.16,0.02
3/10/21 2:53,659,13.18,0.02
3/10/21 2:55,660,13.2,0.02
3/10/21 2:59,661,13.22,0.02
3/10/21 3:01,662,13.24,0.02
3/10/21 3:02,663,13.26,0.02
3/10/21 3:03,664,13.28,0.02
3/10/21 3:04,665,13.3,0.02
3/10/21 3:05,666,13.32,0.02
3/10/21 3:07,667,13.34,0.02
3/10/21 3:09,668,13.36,0.02
3/10/21 3:11,669,13.38,0.02
3/10/21 3:14,670,13.4,0.02
3/10/21 3:16,671,13.42,0.02
3/10/21 3:20,672,13.44,0.02
3/10/21 3:23,673,13.46,0.02
3/10/21 3:26,674,13.48,0.02
3/10/21 3:31,675,13.5,0.02
3/10/21 3:35,676,13.52,0.02
3/10/21 3:41,677,13.54,0.02
3/10/21 3:44,678,13.56,0.02
3/10/21 3:50,679,13.58,0.02
3/10/21 3:55,680,13.6,0.02
3/10/21 4:02,681,13.62,0.02
3/10/21 4:09,682,13.64,0.02
3/10/21 4:14,683,13.66,0.02
3/10/21 4:29,684,13.68,0.02
3/10/21 4:45,685,13.7,0.02
3/10/21 4:59,686,13.72,0.02
3/10/21 5:03,687,13.74,0.02
3/10/21 5:05,688,13.76,0.02
3/10/21 5:07,689,13.78,0.02
3/10/21 5:08,690,13.8,0.02
3/10/21 5:12,691,13.82,0.02
3/10/21 5:14,692,13.84,0.02
3/10/21 5:17,693,13.86,0.02
3/10/21 5:20,694,13.88,0.02
3/10/21 5:22,695,13.9,0.02
3/10/21 5:26,696,13.92,0.02
3/10/21 5:29,697,13.94,0.02
3/10/21 5:35,698,13.96,0.02
3/10/21 5:40,699,13.98,0.02
3/10/21 5:48,700,14,0.02
3/10/21 5:54,701,14.02,0.02
3/10/21 6:02,702,14.04,0.02
3/10/21 7:02,703,14.06,0.02
3/10/21 7:13,704,14.08,0.02
3/10/21 7:22,705,14.1,0.02
3/10/21 7:28,706,14.12,0.02
3/10/21 7:34,707,14.14,0.02
3/10/21 7:40,708,14.16,0.02
3/10/21 7:45,709,14.18,0.02
3/10/21 7:49,710,14.2,0.02
3/10/21 7:53,711,14.22,0.02
3/10/21 7:56,712,14.24,0.02
3/10/21 7:59,713,14.26,0.02
3/10/21 8:02,714,14.28,0.02
3/10/21 8:06,715,14.3,0.02
3/10/21 8:11,716,14.32,0.02
3/10/21 8:35,717,14.34,0.02
3/10/21 14:10,718,14.36,0.02
3/10/21 14:12,719,14.38,0.02
3/10/21 14:14,720,14.4,0.02
3/10/21 14:18,721,14.42,0.02
3/10/21 14:21,722,14.44,0.02
3/10/21 14:23,723,14.46,0.02
3/10/21 14:27,724,14.48,0.02
3/10/21 14:29,725,14.5,0.02
3/10/21 14:32,726,14.52,0.02
3/10/21 17:00,727,14.54,0.02
3/10/21 17:04,728,14.56,0.02
3/10/21 17:05,729,14.58,0.02
3/10/21 17:06,730,14.6,0.02
3/10/21 17:08,731,14.62,0.02
3/10/21 17:11,732,14.64,0.02
3/10/21 18:37,733,14.66,0.02
3/10/21 22:20,734,14.68,0.02
3/10/21 22:29,735,14.7,0.02
3/10/21 22:32,736,14.72,0.02
3/10/21 22:40,737,14.74,0.02
3/10/21 22:44,738,14.76,0.02
3/10/21 22:47,739,14.78,0.02
3/10/21 22:51,740,14.8,0.02
3/10/21 22:55,741,14.82,0.02
3/10/21 23:00,742,14.84,0.02
3/10/21 23:05,743,14.86,0.02
3/10/21 23:09,744,14.88,0.02
3/10/21 23:14,745,14.9,0.02
3/10/21 23:17,746,14.92,0.02
3/10/21 23:21,747,14.94,0.02
3/10/21 23:25,748,14.96,0.02
3/10/21 23:32,749,14.98,0.02
3/10/21 23:39,750,15,0.02
3/10/21 23:57,751,15.02,0.02
3/11/21 0:17,752,15.04,0.02
3/11/21 1:13,753,15.06,0.02
3/11/21 1:22,754,15.08,0.02
3/11/21 1:32,755,15.1,0.02
3/11/21 7:58,756,15.12,0.02
3/11/21 7:59,757,15.14,0.02
3/11/21 7:59,758,15.16,0.02
3/11/21 8:00,759,15.18,0.02
3/11/21 8:01,760,15.2,0.02
3/11/21 8:02,761,15.22,0.02
3/11/21 8:03,762,15.24,0.02
3/11/21 8:04,763,15.26,0.02
3/11/21 8:06,764,15.28,0.02
3/11/21 8:08,765,15.3,0.02
3/11/21 8:10,766,15.32,0.02
3/11/21 8:13,767,15.34,0.02
3/11/21 8:15,768,15.36,0.02
3/11/21 8:17,769,15.38,0.02
3/11/21 8:20,770,15.4,0.02
3/11/21 8:25,771,15.42,0.02
3/11/21 8:30,772,15.44,0.02
3/11/21 8:34,773,15.46,0.02
3/11/21 11:12,774,15.48,0.02
3/11/21 11:37,775,15.5,0.02
3/11/21 11:45,776,15.52,0.02
3/11/21 11:50,777,15.54,0.02
3/11/21 11:52,778,15.56,0.02
3/11/21 11:53,779,15.58,0.02
3/11/21 11:54,780,15.6,0.02
3/11/21 11:56,781,15.62,0.02
3/11/21 12:01,782,15.64,0.02
3/11/21 18:45,783,15.66,0.02
3/11/21 18:51,784,15.68,0.02
3/11/21 18:59,785,15.7,0.02
3/11/21 19:06,786,15.72,0.02
3/11/21 19:13,787,15.74,0.02
3/11/21 19:20,788,15.76,0.02
3/11/21 19:28,789,15.78,0.02
3/11/21 19:40,790,15.8,0.02
3/11/21 19:52,791,15.82,0.02
3/11/21 20:08,792,15.84,0.02
3/11/21 20:37,793,15.86,0.02
3/11/21 22:32,794,15.88,0.02
3/12/21 7:38,795,15.9,0.02
3/12/21 16:08,796,15.92,0.02
3/12/21 16:13,797,15.94,0.02
3/12/21 16:15,798,15.96,0.02
3/12/21 16:26,799,15.98,0.02
3/15/21 6:10,800,16,0.02
3/15/21 6:30,801,16.02,0.02
3/15/21 6:52,802,16.04,0.02
3/15/21 7:06,803,16.06,0.02
3/15/21 7:17,804,16.08,0.02
3/15/21 7:23,805,16.1,0.02
3/15/21 7:29,806,16.12,0.02
3/15/21 7:37,807,16.14,0.02
3/15/21 7:41,808,16.16,0.02
3/15/21 7:53,809,16.18,0.02
3/15/21 7:54,810,16.2,0.02
3/15/21 7:56,811,16.22,0.02
3/15/21 8:02,812,16.24,0.02
3/15/21 8:08,813,16.26,0.02
3/15/21 8:16,814,16.28,0.02
3/15/21 8:28,815,16.3,0.02
3/15/21 8:33,816,16.32,0.02
3/15/21 8:35,817,16.34,0.02
3/15/21 8:36,818,16.36,0.02
3/15/21 8:38,819,16.38,0.02
3/15/21 8:41,820,16.4,0.02
3/15/21 8:47,821,16.42,0.02
3/15/21 10:05,822,16.44,0.02
3/15/21 10:13,823,16.46,0.02
3/15/21 10:16,824,16.48,0.02
3/15/21 10:19,825,16.5,0.02
3/15/21 10:21,826,16.52,0.02
3/15/21 10:24,827,16.54,0.02
3/15/21 10:27,828,16.56,0.02
3/15/21 10:30,829,16.58,0.02
3/15/21 10:33,830,16.6,0.02
3/15/21 10:36,831,16.62,0.02
3/15/21 10:38,832,16.64,0.02
3/15/21 10:41,833,16.66,0.02
3/15/21 10:43,834,16.68,0.02
3/15/21 10:44,835,16.7,0.02
3/15/21 10:46,836,16.72,0.02
3/15/21 10:49,837,16.74,0.02
3/15/21 10:51,838,16.76,0.02
3/15/21 10:52,839,16.78,0.02
3/15/21 10:54,840,16.8,0.02
3/15/21 10:56,841,16.82,0.02
3/15/21 10:56,842,16.84,0.02
3/15/21 10:58,843,16.86,0.02
3/15/21 10:59,844,16.88,0.02
3/15/21 11:01,845,16.9,0.02
3/15/21 11:02,846,16.92,0.02
3/15/21 11:04,847,16.94,0.02
3/15/21 11:06,848,16.96,0.02
3/15/21 11:08,849,16.98,0.02
3/15/21 11:12,850,17,0.02
3/15/21 11:27,851,17.02,0.02
3/15/21 15:01,852,17.04,0.02
3/15/21 15:07,853,17.06,0.02
3/15/21 15:12,854,17.08,0.02
3/15/21 15:15,855,17.1,0.02
3/15/21 15:18,856,17.12,0.02
3/15/21 15:22,857,17.14,0.02
3/15/21 15:25,858,17.16,0.02
3/15/21 15:28,859,17.18,0.02
3/15/21 15:30,860,17.2,0.02
3/15/21 15:32,861,17.22,0.02
3/15/21 15:35,862,17.24,0.02
3/15/21 15:37,863,17.26,0.02
3/15/21 15:40,864,17.28,0.02
3/15/21 16:01,865,17.3,0.02
10/25/21 4:58,866,17.32,0.02
10/25/21 8:31,867,17.34,0.02
10/25/21 8:55,868,17.36,0.02
10/25/21 9:20,869,17.38,0.02
10/25/21 9:29,870,17.4,0.02
10/25/21 9:38,871,17.42,0.02
10/25/21 9:48,872,17.44,0.02
10/25/21 10:01,873,17.46,0.02
10/25/21 10:09,874,17.48,0.02
10/25/21 10:18,875,17.5,0.02
10/25/21 10:25,876,17.52,0.02
10/25/21 10:34,877,17.54,0.02
10/25/21 10:41,878,17.56,0.02
10/25/21 10:48,879,17.58,0.02
10/25/21 10:55,880,17.6,0.02
10/25/21 10:59,881,17.62,0.02
10/25/21 11:04,882,17.64,0.02
10/25/21 11:10,883,17.66,0.02
10/25/21 11:19,884,17.68,0.02
10/25/21 11:38,885,17.7,0.02
10/25/21 11:43,886,17.72,0.02
10/25/21 11:48,887,17.74,0.02
10/25/21 11:51,888,17.76,0.02
10/25/21 11:53,889,17.78,0.02
10/25/21 11:54,890,17.8,0.02
10/25/21 11:56,891,17.82,0.02
10/25/21 11:57,892,17.84,0.02
10/25/21 11:59,893,17.86,0.02
10/25/21 12:02,894,17.88,0.02
10/25/21 12:04,895,17.9,0.02
10/25/21 12:05,896,17.92,0.02
10/25/21 12:07,897,17.94,0.02
10/25/21 12:10,898,17.96,0.02
10/25/21 12:11,899,17.98,0.02
10/25/21 12:15,900,18,0.02
10/25/21 12:17,901,18.02,0.02
10/25/21 12:20,902,18.04,0.02
10/25/21 12:23,903,18.06,0.02
10/25/21 12:28,904,18.08,0.02
10/25/21 12:33,905,18.1,0.02
10/25/21 12:37,906,18.12,0.02
10/25/21 12:39,907,18.14,0.02
10/25/21 12:40,908,18.16,0.02
10/25/21 12:42,909,18.18,0.02
10/25/21 12:44,910,18.2,0.02
10/25/21 12:46,911,18.22,0.02
10/25/21 12:49,912,18.24,0.02
10/25/21 12:51,913,18.26,0.02
10/25/21 12:53,914,18.28,0.02
10/25/21 12:56,915,18.3,0.02
10/25/21 12:58,916,18.32,0.02
10/25/21 13:00,917,18.34,0.02
10/25/21 13:02,918,18.36,0.02
10/25/21 13:04,919,18.38,0.02
10/25/21 13:05,920,18.4,0.02
10/25/21 13:06,921,18.42,0.02
10/25/21 13:08,922,18.44,0.02
10/25/21 13:10,923,18.46,0.02
10/25/21 13:11,924,18.48,0.02
10/25/21 13:12,925,18.5,0.02
10/25/21 13:13,926,18.52,0.02
10/25/21 13:15,927,18.54,0.02
10/25/21 13:17,928,18.56,0.02
10/25/21 13:19,929,18.58,0.02
10/25/21 13:20,930,18.6,0.02
10/25/21 13:22,931,18.62,0.02
10/25/21 13:23,932,18.64,0.02
10/25/21 13:25,933,18.66,0.02
10/25/21 13:26,934,18.68,0.02
10/25/21 13:29,935,18.7,0.02
10/25/21 13:30,936,18.72,0.02
10/25/21 13:31,937,18.74,0.02
10/25/21 13:32,938,18.76,0.02
10/25/21 13:33,939,18.78,0.02
10/25/21 13:34,940,18.8,0.02
10/25/21 13:35,941,18.82,0.02
10/25/21 13:36,942,18.84,0.02
10/25/21 13:37,943,18.86,0.02
10/25/21 13:38,944,18.88,0.02
10/25/21 13:40,945,18.9,0.02
10/25/21 13:41,946,18.92,0.02
10/25/21 13:42,947,18.94,0.02
10/25/21 13:43,948,18.96,0.02
10/25/21 13:44,949,18.98,0.02
10/25/21 13:45,950,19,0.02
10/25/21 13:47,951,19.02,0.02
10/25/21 13:48,952,19.04,0.02
10/25/21 13:49,953,19.06,0.02
10/25/21 13:50,954,19.08,0.02
10/25/21 13:51,955,19.1,0.02
10/25/21 13:52,956,19.12,0.02
10/25/21 13:54,957,19.14,0.02
10/25/21 13:55,958,19.16,0.02
10/25/21 13:56,959,19.18,0.02
10/25/21 13:58,960,19.2,0.02
10/25/21 13:59,961,19.22,0.02
10/25/21 14:00,962,19.24,0.02
10/25/21 14:01,963,19.26,0.02
10/25/21 14:03,964,19.28,0.02
10/25/21 14:04,965,19.3,0.02
10/25/21 14:05,966,19.32,0.02
10/25/21 14:06,967,19.34,0.02
10/25/21 14:07,968,19.36,0.02
10/25/21 14:08,969,19.38,0.02
10/25/21 14:09,970,19.4,0.02
10/25/21 14:10,971,19.42,0.02
10/25/21 14:12,972,19.44,0.02
10/25/21 14:13,973,19.46,0.02
10/25/21 14:14,974,19.48,0.02
10/25/21 14:14,975,19.5,0.02
10/25/21 14:16,976,19.52,0.02
10/25/21 14:17,977,19.54,0.02
10/25/21 14:18,978,19.56,0.02
10/25/21 14:19,979,19.58,0.02
10/25/21 14:21,980,19.6,0.02
10/25/21 14:22,981,19.62,0.02
10/25/21 14:24,982,19.64,0.02
10/25/21 14:25,983,19.66,0.02
10/25/21 14:27,984,19.68,0.02
10/25/21 14:28,985,19.7,0.02
10/25/21 14:30,986,19.72,0.02
10/25/21 14:31,987,19.74,0.02
10/25/21 14:32,988,19.76,0.02
10/25/21 14:34,989,19.78,0.02
10/25/21 14:35,990,19.8,0.02
10/25/21 14:36,991,19.82,0.02
10/25/21 14:37,992,19.84,0.02
10/25/21 14:38,993,19.86,0.02
10/25/21 14:39,994,19.88,0.02
10/25/21 14:40,995,19.9,0.02
10/25/21 14:42,996,19.92,0.02
10/25/21 14:43,997,19.94,0.02
10/25/21 14:44,998,19.96,0.02
10/25/21 14:45,999,19.98,0.02
10/25/21 14:46,1000,20,0.02
10/25/21 14:48,1001,20.02,0.02
10/25/21 14:49,1002,20.04,0.02
10/25/21 14:50,1003,20.06,0.02
10/25/21 14:51,1004,20.08,0.02
10/25/21 14:53,1005,20.1,0.02
10/25/21 14:54,1006,20.12,0.02
10/25/21 14:56,1007,20.14,0.02
10/25/21 14:57,1008,20.16,0.02
10/25/21 14:59,1009,20.18,0.02
10/25/21 15:01,1010,20.2,0.02
10/25/21 15:02,1011,20.22,0.02
10/25/21 15:04,1012,20.24,0.02
10/25/21 15:07,1013,20.26,0.02
10/25/21 15:09,1014,20.28,0.02
10/25/21 15:13,1015,20.3,0.02
10/25/21 15:21,1016,20.32,0.02
10/25/21 15:39,1017,20.34,0.02
10/25/21 15:59,1018,20.36,0.02
10/25/21 16:05,1019,20.38,0.02
10/25/21 16:10,1020,20.4,0.02
10/25/21 16:13,1021,20.42,0.02
10/25/21 16:16,1022,20.44,0.02
10/25/21 16:22,1023,20.46,0.02
10/25/21 16:28,1024,20.48,0.02
10/25/21 16:56,1025,20.5,0.02
10/26/21 1:50,1026,20.52,0.02
12/7/21 6:11,1027,20.54,0.02
12/7/21 6:25,1028,20.56,0.02
12/9/21 4:47,1029,20.58,0.02
12/9/21 5:03,1030,20.6,0.02
12/9/21 5:18,1031,20.62,0.02
12/9/21 5:22,1032,20.64,0.02
12/9/21 5:32,1033,20.66,0.02
12/9/21 5:43,1034,20.68,0.02
12/9/21 5:57,1035,20.7,0.02
12/9/21 6:15,1036,20.72,0.02
12/9/21 6:23,1037,20.74,0.02
12/9/21 6:30,1038,20.76,0.02
12/9/21 6:33,1039,20.78,0.02
12/9/21 6:43,1040,20.8,0.02
12/9/21 6:54,1041,20.82,0.02
12/9/21 7:03,1042,20.84,0.02
12/9/21 7:29,1043,20.86,0.02
12/9/21 7:45,1044,20.88,0.02
12/9/21 7:48,1045,20.9,0.02
12/9/21 7:52,1046,20.92,0.02
12/9/21 8:13,1047,20.94,0.02
12/9/21 8:53,1048,20.96,0.02
12/9/21 9:06,1049,20.98,0.02
12/9/21 9:08,1050,21,0.02
12/9/21 9:12,1051,21.02,0.02
12/9/21 9:15,1052,21.04,0.02
12/9/21 9:20,1053,21.06,0.02
12/9/21 9:30,1054,21.08,0.02
12/9/21 10:08,1055,21.1,0.02
12/9/21 10:21,1056,21.12,0.02
12/9/21 10:35,1057,21.14,0.02
12/9/21 10:48,1058,21.16,0.02
12/9/21 10:54,1059,21.18,0.02
12/9/21 11:02,1060,21.2,0.02
12/9/21 11:11,1061,21.22,0.02
12/9/21 11:42,1062,21.24,0.02
12/9/21 12:00,1063,21.26,0.02
12/9/21 12:22,1064,21.28,0.02
12/9/21 12:25,1065,21.3,0.02
12/9/21 12:27,1066,21.32,0.02
12/9/21 12:33,1067,21.34,0.02
12/9/21 12:45,1068,21.36,0.02
12/9/21 12:51,1069,21.38,0.02
12/9/21 12:57,1070,21.4,0.02
12/9/21 13:02,1071,21.42,0.02
12/9/21 13:09,1072,21.44,0.02
12/9/21 13:25,1073,21.46,0.02
12/9/21 13:38,1074,21.48,0.02
12/9/21 13:40,1075,21.5,0.02
12/9/21 13:43,1076,21.52,0.02
12/9/21 13:48,1077,21.54,0.02
12/9/21 13:51,1078,21.56,0.02
12/9/21 13:53,1079,21.58,0.02
12/9/21 13:57,1080,21.6,0.02
12/9/21 13:59,1081,21.62,0.02
12/9/21 14:03,1082,21.64,0.02
12/9/21 14:09,1083,21.66,0.02
12/9/21 14:14,1084,21.68,0.02
12/9/21 14:21,1085,21.7,0.02
12/13/21 20:34,1086,21.72,0.02
12/13/21 21:51,1087,21.74,0.02
12/13/21 22:15,1088,21.76,0.02
12/13/21 22:42,1089,21.78,0.02
12/13/21 23:05,1090,21.8,0.02
12/13/21 23:16,1091,21.82,0.02
12/14/21 0:19,1092,21.84,0.02
12/14/21 0:29,1093,21.86,0.02
12/14/21 0:39,1094,21.88,0.02
12/14/21 0:45,1095,21.9,0.02
12/14/21 0:56,1096,21.92,0.02
12/14/21 1:17,1097,21.94,0.02
12/14/21 1:24,1098,21.96,0.02
12/14/21 1:36,1099,21.98,0.02
12/14/21 1:59,1100,22,0.02
12/14/21 2:12,1101,22.02,0.02
12/14/21 2:20,1102,22.04,0.02
12/14/21 2:25,1103,22.06,0.02
12/14/21 2:30,1104,22.08,0.02
12/14/21 2:40,1105,22.1,0.02
12/14/21 2:53,1106,22.12,0.02
12/14/21 2:59,1107,22.14,0.02
12/14/21 3:04,1108,22.16,0.02
12/14/21 3:09,1109,22.18,0.02
12/14/21 3:15,1110,22.2,0.02
12/14/21 3:20,1111,22.22,0.02
12/14/21 3:24,1112,22.24,0.02
12/14/21 3:26,1113,22.26,0.02
12/14/21 3:28,1114,22.28,0.02
12/14/21 3:31,1115,22.3,0.02
12/14/21 3:35,1116,22.32,0.02
12/14/21 3:38,1117,22.34,0.02
12/14/21 3:42,1118,22.36,0.02
12/14/21 3:47,1119,22.38,0.02
12/14/21 3:52,1120,22.4,0.02
12/14/21 3:57,1121,22.42,0.02
12/14/21 4:03,1122,22.44,0.02
12/14/21 4:10,1123,22.46,0.02
12/14/21 4:15,1124,22.48,0.02
12/14/21 4:22,1125,22.5,0.02
12/14/21 4:24,1126,22.52,0.02
12/14/21 4:25,1127,22.54,0.02
12/14/21 4:27,1128,22.56,0.02
12/14/21 4:28,1129,22.58,0.02
12/14/21 4:28,1130,22.6,0.02
12/14/21 4:29,1131,22.62,0.02
12/14/21 4:30,1132,22.64,0.02
12/14/21 4:31,1133,22.66,0.02
12/14/21 4:33,1134,22.68,0.02
12/14/21 4:35,1135,22.7,0.02
12/14/21 4:38,1136,22.72,0.02
12/14/21 4:41,1137,22.74,0.02
12/14/21 4:44,1138,22.76,0.02
12/14/21 4:46,1139,22.78,0.02
12/14/21 4:48,1140,22.8,0.02
12/14/21 4:50,1141,22.82,0.02
12/14/21 4:51,1142,22.84,0.02
12/14/21 4:53,1143,22.86,0.02
12/14/21 4:55,1144,22.88,0.02
12/14/21 4:56,1145,22.9,0.02
12/14/21 4:58,1146,22.92,0.02
12/14/21 5:02,1147,22.94,0.02
12/14/21 5:05,1148,22.96,0.02
12/14/21 5:06,1149,22.98,0.02
12/14/21 5:09,1150,23,0.02
12/14/21 5:11,1151,23.02,0.02
12/14/21 5:14,1152,23.04,0.02
12/14/21 5:16,1153,23.06,0.02
12/14/21 5:18,1154,23.08,0.02
12/14/21 5:19,1155,23.1,0.02
12/14/21 5:20,1156,23.12,0.02
12/14/21 5:22,1157,23.14,0.02
12/14/21 5:23,1158,23.16,0.02
12/14/21 5:24,1159,23.18,0.02
12/14/21 5:25,1160,23.2,0.02
12/14/21 5:26,1161,23.22,0.02
12/14/21 5:27,1162,23.24,0.02
12/14/21 5:28,1163,23.26,0.02
12/14/21 5:29,1164,23.28,0.02
12/14/21 5:31,1165,23.3,0.02
12/14/21 5:33,1166,23.32,0.02
12/14/21 5:35,1167,23.34,0.02
12/14/21 5:36,1168,23.36,0.02
12/14/21 5:38,1169,23.38,0.02
12/14/21 5:39,1170,23.4,0.02
12/14/21 5:41,1171,23.42,0.02
12/14/21 5:42,1172,23.44,0.02
12/14/21 5:43,1173,23.46,0.02
12/14/21 5:45,1174,23.48,0.02
12/14/21 5:46,1175,23.5,0.02
12/14/21 5:48,1176,23.52,0.02
12/14/21 5:50,1177,23.54,0.02
12/14/21 5:52,1178,23.56,0.02
12/14/21 5:53,1179,23.58,0.02
12/14/21 5:54,1180,23.6,0.02
12/14/21 5:55,1181,23.62,0.02
12/14/21 5:56,1182,23.64,0.02
12/14/21 5:58,1183,23.66,0.02
12/14/21 5:58,1184,23.68,0.02
12/14/21 5:59,1185,23.7,0.02
12/14/21 6:00,1186,23.72,0.02
12/14/21 6:00,1187,23.74,0.02
12/14/21 6:01,1188,23.76,0.02
12/14/21 6:03,1189,23.78,0.02
12/14/21 6:04,1190,23.8,0.02
12/14/21 6:05,1191,23.82,0.02
12/14/21 6:06,1192,23.84,0.02
12/14/21 6:07,1193,23.86,0.02
12/14/21 6:08,1194,23.88,0.02
12/14/21 6:09,1195,23.9,0.02
12/14/21 6:10,1196,23.92,0.02
12/14/21 6:12,1197,23.94,0.02
12/14/21 6:13,1198,23.96,0.02
12/14/21 6:14,1199,23.98,0.02
12/14/21 6:16,1200,24,0.02
12/14/21 6:18,1201,24.02,0.02
12/14/21 6:20,1202,24.04,0.02
12/14/21 6:21,1203,24.06,0.02
12/14/21 6:23,1204,24.08,0.02
12/14/21 6:25,1205,24.1,0.02
12/14/21 6:27,1206,24.12,0.02
12/14/21 6:29,1207,24.14,0.02
12/14/21 6:31,1208,24.16,0.02
12/14/21 6:33,1209,24.18,0.02
12/14/21 6:33,1210,24.2,0.02
12/14/21 6:35,1211,24.22,0.02
12/14/21 6:37,1212,24.24,0.02
12/14/21 6:40,1213,24.26,0.02
12/14/21 6:42,1214,24.28,0.02
12/14/21 6:43,1215,24.3,0.02
12/14/21 6:44,1216,24.32,0.02
12/14/21 6:46,1217,24.34,0.02
12/14/21 6:48,1218,24.36,0.02
12/14/21 6:51,1219,24.38,0.02
12/14/21 6:53,1220,24.4,0.02
12/14/21 6:55,1221,24.42,0.02
12/14/21 6:58,1222,24.44,0.02
12/14/21 7:00,1223,24.46,0.02
12/14/21 7:01,1224,24.48,0.02
12/14/21 7:02,1225,24.5,0.02
12/14/21 7:03,1226,24.52,0.02
12/14/21 7:05,1227,24.54,0.02
12/14/21 7:06,1228,24.56,0.02
12/14/21 7:07,1229,24.58,0.02
12/14/21 7:09,1230,24.6,0.02
12/14/21 7:10,1231,24.62,0.02
12/14/21 7:11,1232,24.64,0.02
12/14/21 7:12,1233,24.66,0.02
12/14/21 7:13,1234,24.68,0.02
12/14/21 7:14,1235,24.7,0.02
12/14/21 7:15,1236,24.72,0.02
12/14/21 7:17,1237,24.74,0.02
12/14/21 7:18,1238,24.76,0.02
12/14/21 7:19,1239,24.78,0.02
12/14/21 7:20,1240,24.8,0.02
12/14/21 7:20,1241,24.82,0.02
12/14/21 7:21,1242,24.84,0.02
12/14/21 7:22,1243,24.86,0.02
12/14/21 7:23,1244,24.88,0.02
12/14/21 7:23,1245,24.9,0.02
12/14/21 7:24,1246,24.92,0.02
12/14/21 7:25,1247,24.94,0.02
12/14/21 7:25,1248,24.96,0.02
12/14/21 7:27,1249,24.98,0.02
12/14/21 7:28,1250,25,0.02
12/14/21 7:29,1251,25.02,0.02
12/14/21 7:29,1252,25.04,0.02
12/14/21 7:30,1253,25.06,0.02
12/14/21 7:31,1254,25.08,0.02
12/14/21 7:32,1255,25.1,0.02
12/14/21 7:34,1256,25.12,0.02
12/14/21 7:35,1257,25.14,0.02
12/14/21 7:36,1258,25.16,0.02
12/14/21 7:36,1259,25.18,0.02
12/14/21 7:37,1260,25.2,0.02
12/14/21 7:38,1261,25.22,0.02
12/14/21 7:39,1262,25.24,0.02
12/14/21 7:40,1263,25.26,0.02
12/14/21 7:41,1264,25.28,0.02
12/14/21 7:41,1265,25.3,0.02
12/14/21 7:42,1266,25.32,0.02
12/14/21 7:43,1267,25.34,0.02
12/14/21 7:44,1268,25.36,0.02
12/14/21 7:44,1269,25.38,0.02
12/14/21 7:45,1270,25.4,0.02
12/14/21 7:47,1271,25.42,0.02
12/14/21 7:47,1272,25.44,0.02
12/14/21 7:48,1273,25.46,0.02
12/14/21 7:48,1274,25.48,0.02
12/14/21 7:49,1275,25.5,0.02
12/14/21 7:50,1276,25.52,0.02
12/14/21 7:51,1277,25.54,0.02
12/14/21 7:52,1278,25.56,0.02
12/14/21 7:53,1279,25.58,0.02
12/14/21 7:54,1280,25.6,0.02
12/14/21 7:55,1281,25.62,0.02
12/14/21 7:56,1282,25.64,0.02
12/14/21 7:57,1283,25.66,0.02
12/14/21 7:58,1284,25.68,0.02
12/14/21 7:59,1285,25.7,0.02
12/14/21 8:00,1286,25.72,0.02
12/14/21 8:01,1287,25.74,0.02
12/14/21 8:03,1288,25.76,0.02
12/14/21 8:04,1289,25.78,0.02
12/14/21 8:05,1290,25.8,0.02
12/14/21 8:06,1291,25.82,0.02
12/14/21 8:07,1292,25.84,0.02
12/14/21 8:08,1293,25.86,0.02
12/14/21 8:08,1294,25.88,0.02
12/14/21 8:09,1295,25.9,0.02
12/14/21 8:09,1296,25.92,0.02
12/14/21 8:10,1297,25.94,0.02
12/14/21 8:11,1298,25.96,0.02
12/14/21 8:11,1299,25.98,0.02
12/14/21 8:12,1300,26,0.02
12/14/21 8:12,1301,26.02,0.02
12/14/21 8:13,1302,26.04,0.02
12/14/21 8:13,1303,26.06,0.02
12/14/21 8:14,1304,26.08,0.02
12/14/21 8:15,1305,26.1,0.02
12/14/21 8:16,1306,26.12,0.02
12/14/21 8:16,1307,26.14,0.02
12/14/21 8:17,1308,26.16,0.02
12/14/21 8:18,1309,26.18,0.02
12/14/21 8:19,1310,26.2,0.02
12/14/21 8:20,1311,26.22,0.02
12/14/21 8:21,1312,26.24,0.02
12/14/21 8:21,1313,26.26,0.02
12/14/21 8:22,1314,26.28,0.02
12/14/21 8:23,1315,26.3,0.02
12/14/21 8:24,1316,26.32,0.02
12/14/21 8:25,1317,26.34,0.02
12/14/21 8:26,1318,26.36,0.02
12/14/21 8:27,1319,26.38,0.02
12/14/21 8:27,1320,26.4,0.02
12/14/21 8:28,1321,26.42,0.02
12/14/21 8:29,1322,26.44,0.02
12/14/21 8:30,1323,26.46,0.02
12/14/21 8:31,1324,26.48,0.02
12/14/21 8:31,1325,26.5,0.02
12/14/21 8:32,1326,26.52,0.02
12/14/21 8:33,1327,26.54,0.02
12/14/21 8:34,1328,26.56,0.02
12/14/21 8:34,1329,26.58,0.02
12/14/21 8:35,1330,26.6,0.02
12/14/21 8:36,1331,26.62,0.02
12/14/21 8:36,1332,26.64,0.02
12/14/21 8:37,1333,26.66,0.02
12/14/21 8:38,1334,26.68,0.02
12/14/21 8:40,1335,26.7,0.02
12/14/21 8:41,1336,26.72,0.02
12/14/21 8:42,1337,26.74,0.02
12/14/21 8:43,1338,26.76,0.02
12/14/21 8:44,1339,26.78,0.02
12/14/21 8:45,1340,26.8,0.02
12/14/21 8:45,1341,26.82,0.02
12/14/21 8:46,1342,26.84,0.02
12/14/21 8:47,1343,26.86,0.02
12/14/21 8:47,1344,26.88,0.02
12/14/21 8:48,1345,26.9,0.02
12/14/21 8:48,1346,26.92,0.02
12/14/21 8:48,1347,26.94,0.02
12/14/21 8:49,1348,26.96,0.02
12/14/21 8:49,1349,26.98,0.02
12/14/21 8:50,1350,27,0.02
12/14/21 8:50,1351,27.02,0.02
12/14/21 8:51,1352,27.04,0.02
12/14/21 8:53,1353,27.06,0.02
12/14/21 8:54,1354,27.08,0.02
12/14/21 8:55,1355,27.1,0.02
12/14/21 8:56,1356,27.12,0.02
12/14/21 8:57,1357,27.14,0.02
12/14/21 8:57,1358,27.16,0.02
12/14/21 8:58,1359,27.18,0.02
12/14/21 8:58,1360,27.2,0.02
12/14/21 8:59,1361,27.22,0.02
12/14/21 9:00,1362,27.24,0.02
12/14/21 9:00,1363,27.26,0.02
12/14/21 9:01,1364,27.28,0.02
12/14/21 9:01,1365,27.3,0.02
12/14/21 9:02,1366,27.32,0.02
12/14/21 9:03,1367,27.34,0.02
12/14/21 9:03,1368,27.36,0.02
12/14/21 9:04,1369,27.38,0.02
12/14/21 9:04,1370,27.4,0.02
12/14/21 9:05,1371,27.42,0.02
12/14/21 9:06,1372,27.44,0.02
12/14/21 9:06,1373,27.46,0.02
12/14/21 9:07,1374,27.48,0.02
12/14/21 9:08,1375,27.5,0.02
12/14/21 9:08,1376,27.52,0.02
12/14/21 9:09,1377,27.54,0.02
12/14/21 9:10,1378,27.56,0.02
12/14/21 9:11,1379,27.58,0.02
12/14/21 9:12,1380,27.6,0.02
12/14/21 9:13,1381,27.62,0.02
12/14/21 9:14,1382,27.64,0.02
12/14/21 9:16,1383,27.66,0.02
12/14/21 9:17,1384,27.68,0.02
12/14/21 9:18,1385,27.7,0.02
12/14/21 9:19,1386,27.72,0.02
12/14/21 9:19,1387,27.74,0.02
12/14/21 9:20,1388,27.76,0.02
12/14/21 9:21,1389,27.78,0.02
12/14/21 9:22,1390,27.8,0.02
12/14/21 9:23,1391,27.82,0.02
12/14/21 9:24,1392,27.84,0.02
12/14/21 9:25,1393,27.86,0.02
12/14/21 9:26,1394,27.88,0.02
12/14/21 9:26,1395,27.9,0.02
12/14/21 9:27,1396,27.92,0.02
12/14/21 9:28,1397,27.94,0.02
12/14/21 9:29,1398,27.96,0.02
12/14/21 9:31,1399,27.98,0.02
12/14/21 9:32,1400,28,0.02
12/14/21 9:33,1401,28.02,0.02
12/14/21 9:34,1402,28.04,0.02
12/14/21 9:35,1403,28.06,0.02
12/14/21 9:35,1404,28.08,0.02
12/14/21 9:36,1405,28.1,0.02
12/14/21 9:37,1406,28.12,0.02
12/14/21 9:39,1407,28.14,0.02
12/14/21 9:40,1408,28.16,0.02
12/14/21 9:42,1409,28.18,0.02
12/14/21 9:43,1410,28.2,0.02
12/14/21 9:45,1411,28.22,0.02
12/14/21 9:46,1412,28.24,0.02
12/14/21 9:47,1413,28.26,0.02
12/14/21 9:48,1414,28.28,0.02
12/14/21 9:49,1415,28.3,0.02
12/14/21 9:50,1416,28.32,0.02
12/14/21 9:52,1417,28.34,0.02
12/14/21 9:53,1418,28.36,0.02
12/14/21 9:59,1419,28.38,0.02
12/14/21 10:01,1420,28.4,0.02
12/14/21 10:02,1421,28.42,0.02
12/14/21 10:03,1422,28.44,0.02
12/14/21 10:06,1423,28.46,0.02
12/14/21 10:08,1424,28.48,0.02
12/14/21 10:09,1425,28.5,0.02
12/14/21 10:10,1426,28.52,0.02
12/14/21 10:13,1427,28.54,0.02
12/14/21 10:17,1428,28.56,0.02
12/14/21 10:19,1429,28.58,0.02
12/14/21 10:21,1430,28.6,0.02
12/14/21 10:23,1431,28.62,0.02
12/14/21 10:24,1432,28.64,0.02
12/14/21 10:26,1433,28.66,0.02
12/14/21 10:27,1434,28.68,0.02
12/14/21 10:28,1435,28.7,0.02
12/14/21 10:28,1436,28.72,0.02
12/14/21 10:29,1437,28.74,0.02
12/14/21 10:30,1438,28.76,0.02
12/14/21 10:31,1439,28.78,0.02
12/14/21 10:32,1440,28.8,0.02
12/14/21 10:34,1441,28.82,0.02
12/14/21 10:36,1442,28.84,0.02
12/14/21 10:38,1443,28.86,0.02
12/14/21 10:42,1444,28.88,0.02
12/14/21 10:43,1445,28.9,0.02
12/14/21 10:44,1446,28.92,0.02
12/14/21 10:46,1447,28.94,0.02
12/14/21 10:47,1448,28.96,0.02
12/14/21 10:48,1449,28.98,0.02
12/14/21 10:49,1450,29,0.02
12/14/21 10:50,1451,29.02,0.02
12/14/21 10:53,1452,29.04,0.02
12/14/21 10:57,1453,29.06,0.02
12/14/21 11:00,1454,29.08,0.02
12/14/21 11:02,1455,29.1,0.02
12/14/21 11:04,1456,29.12,0.02
12/14/21 11:07,1457,29.14,0.02
12/14/21 11:09,1458,29.16,0.02
12/14/21 11:11,1459,29.18,0.02
12/14/21 11:12,1460,29.2,0.02
12/14/21 11:13,1461,29.22,0.02
12/14/21 11:15,1462,29.24,0.02
12/14/21 11:18,1463,29.26,0.02
12/14/21 11:20,1464,29.28,0.02
12/14/21 11:21,1465,29.3,0.02
12/14/21 11:22,1466,29.32,0.02
12/14/21 11:23,1467,29.34,0.02
12/14/21 11:24,1468,29.36,0.02
12/14/21 11:25,1469,29.38,0.02
12/14/21 11:26,1470,29.4,0.02
12/14/21 11:27,1471,29.42,0.02
12/14/21 11:28,1472,29.44,0.02
12/14/21 11:28,1473,29.46,0.02
12/14/21 11:29,1474,29.48,0.02
12/14/21 11:30,1475,29.5,0.02
12/14/21 11:30,1476,29.52,0.02
12/14/21 11:31,1477,29.54,0.02
12/14/21 11:32,1478,29.56,0.02
12/14/21 11:33,1479,29.58,0.02
12/14/21 11:34,1480,29.6,0.02
12/14/21 11:35,1481,29.62,0.02
12/14/21 11:35,1482,29.64,0.02
12/14/21 11:36,1483,29.66,0.02
12/14/21 11:36,1484,29.68,0.02
12/14/21 11:36,1485,29.7,0.02
12/14/21 11:37,1486,29.72,0.02
12/14/21 11:37,1487,29.74,0.02
12/14/21 11:38,1488,29.76,0.02
12/14/21 11:43,1489,29.78,0.02
12/14/21 11:45,1490,29.8,0.02
12/14/21 11:47,1491,29.82,0.02
12/14/21 11:48,1492,29.84,0.02
12/14/21 11:49,1493,29.86,0.02
12/14/21 11:50,1494,29.88,0.02
12/14/21 11:51,1495,29.9,0.02
12/14/21 11:53,1496,29.92,0.02
12/14/21 11:54,1497,29.94,0.02
12/14/21 11:55,1498,29.96,0.02
12/14/21 11:59,1499,29.98,0.02
12/14/21 12:01,1500,30,0.02
12/14/21 12:03,1501,30.02,0.02
12/14/21 12:06,1502,30.04,0.02
12/14/21 12:09,1503,30.06,0.02
12/14/21 12:11,1504,30.08,0.02
12/14/21 12:12,1505,30.1,0.02
12/14/21 12:19,1506,30.12,0.02
12/14/21 12:26,1507,30.14,0.02
12/14/21 12:27,1508,30.16,0.02
12/14/21 12:28,1509,30.18,0.02
12/14/21 12:29,1510,30.2,0.02
12/14/21 12:30,1511,30.22,0.02
12/14/21 12:32,1512,30.24,0.02
12/14/21 12:35,1513,30.26,0.02
12/14/21 12:38,1514,30.28,0.02
12/14/21 12:39,1515,30.3,0.02
12/14/21 12:42,1516,30.32,0.02
12/14/21 12:45,1517,30.34,0.02
12/14/21 12:47,1518,30.36,0.02
12/14/21 12:49,1519,30.38,0.02
12/14/21 12:50,1520,30.4,0.02
12/14/21 12:52,1521,30.42,0.02
12/14/21 12:53,1522,30.44,0.02
12/14/21 12:55,1523,30.46,0.02
12/14/21 12:56,1524,30.48,0.02
12/14/21 12:57,1525,30.5,0.02
12/14/21 12:58,1526,30.52,0.02
12/14/21 13:00,1527,30.54,0.02
12/14/21 13:01,1528,30.56,0.02
12/14/21 13:04,1529,30.58,0.02
12/14/21 13:06,1530,30.6,0.02
12/14/21 13:08,1531,30.62,0.02
12/14/21 13:21,1532,30.64,0.02
12/14/21 13:28,1533,30.66,0.02
12/14/21 13:32,1534,30.68,0.02
12/14/21 13:34,1535,30.7,0.02
12/14/21 13:36,1536,30.72,0.02
12/14/21 13:37,1537,30.74,0.02
12/14/21 13:40,1538,30.76,0.02
12/14/21 13:49,1539,30.78,0.02
12/14/21 13:56,1540,30.8,0.02
12/14/21 13:59,1541,30.82,0.02
12/14/21 14:02,1542,30.84,0.02
12/14/21 14:28,1543,30.86,0.02
12/14/21 14:31,1544,30.88,0.02
12/14/21 14:34,1545,30.9,0.02
12/14/21 14:35,1546,30.92,0.02
12/14/21 14:46,1547,30.94,0.02
12/14/21 15:13,1548,30.96,0.02
12/14/21 15:35,1549,30.98,0.02
12/14/21 16:06,1550,31,0.02
12/14/21 16:29,1551,31.02,0.02
12/14/21 16:33,1552,31.04,0.02
12/14/21 16:52,1553,31.06,0.02
12/14/21 16:58,1554,31.08,0.02
12/23/21 1:07,1555,31.1,0.02
12/23/21 1:58,1556,31.12,0.02
12/23/21 2:12,1557,31.14,0.02
12/23/21 2:21,1558,31.16,0.02
12/23/21 2:41,1559,31.18,0.02
12/23/21 2:47,1560,31.2,0.02
12/23/21 2:50,1561,31.22,0.02
12/23/21 2:54,1562,31.24,0.02
12/23/21 2:58,1563,31.26,0.02
12/23/21 3:02,1564,31.28,0.02
12/23/21 3:09,1565,31.3,0.02
12/23/21 3:16,1566,31.32,0.02
12/23/21 3:24,1567,31.34,0.02
12/23/21 3:33,1568,31.36,0.02
12/23/21 3:43,1569,31.38,0.02
12/23/21 3:49,1570,31.4,0.02
12/23/21 3:51,1571,31.42,0.02
12/23/21 3:53,1572,31.44,0.02
12/23/21 3:55,1573,31.46,0.02
12/23/21 3:59,1574,31.48,0.02
12/23/21 4:17,1575,31.5,0.02
12/23/21 4:22,1576,31.52,0.02
12/23/21 4:33,1577,31.54,0.02
12/23/21 4:42,1578,31.56,0.02
12/23/21 4:49,1579,31.58,0.02
12/23/21 4:55,1580,31.6,0.02
12/23/21 5:03,1581,31.62,0.02
12/23/21 5:12,1582,31.64,0.02
12/23/21 5:19,1583,31.66,0.02
12/23/21 5:32,1584,31.68,0.02
12/23/21 5:55,1585,31.7,0.02
12/23/21 6:23,1586,31.72,0.02
12/23/21 6:28,1587,31.74,0.02
12/23/21 6:46,1588,31.76,0.02
12/23/21 7:15,1589,31.78,0.02
12/23/21 7:21,1590,31.8,0.02
12/23/21 7:23,1591,31.82,0.02
12/23/21 7:29,1592,31.84,0.02
12/23/21 7:42,1593,31.86,0.02
12/23/21 7:55,1594,31.88,0.02
12/23/21 8:10,1595,31.9,0.02
12/23/21 8:29,1596,31.92,0.02
12/23/21 8:48,1597,31.94,0.02
12/23/21 9:00,1598,31.96,0.02
12/23/21 9:19,1599,31.98,0.02
12/23/21 9:26,1600,32,0.02
12/23/21 9:34,1601,32.02,0.02
12/23/21 9:42,1602,32.04,0.02
12/23/21 9:54,1603,32.06,0.02
12/23/21 10:02,1604,32.08,0.02
12/23/21 10:04,1605,32.1,0.02
12/23/21 10:15,1606,32.12,0.02
12/23/21 10:18,1607,32.14,0.02
12/23/21 10:28,1608,32.16,0.02
12/23/21 10:46,1609,32.18,0.02
12/23/21 10:51,1610,32.2,0.02
12/23/21 11:08,1611,32.22,0.02
12/23/21 11:22,1612,32.24,0.02
12/23/21 11:31,1613,32.26,0.02
12/23/21 11:40,1614,32.28,0.02
12/23/21 11:49,1615,32.3,0.02
12/23/21 11:55,1616,32.32,0.02
12/23/21 12:00,1617,32.34,0.02
12/23/21 12:01,1618,32.36,0.02
12/23/21 12:02,1619,32.38,0.02
12/23/21 12:03,1620,32.4,0.02
12/23/21 12:05,1621,32.42,0.02
12/23/21 12:06,1622,32.44,0.02
12/23/21 12:07,1623,32.46,0.02
12/23/21 12:08,1624,32.48,0.02
12/23/21 12:12,1625,32.5,0.02
12/23/21 12:16,1626,32.52,0.02
12/23/21 12:18,1627,32.54,0.02
12/23/21 12:23,1628,32.56,0.02
12/23/21 12:28,1629,32.58,0.02
12/23/21 12:31,1630,32.6,0.02
12/23/21 12:34,1631,32.62,0.02
12/23/21 12:37,1632,32.64,0.02
12/23/21 12:39,1633,32.66,0.02
12/23/21 12:41,1634,32.68,0.02
12/23/21 12:42,1635,32.7,0.02
12/23/21 12:45,1636,32.72,0.02
12/23/21 12:47,1637,32.74,0.02
12/23/21 12:51,1638,32.76,0.02
12/23/21 12:55,1639,32.78,0.02
12/23/21 12:57,1640,32.8,0.02
12/23/21 12:58,1641,32.82,0.02
12/23/21 12:59,1642,32.84,0.02
12/23/21 13:00,1643,32.86,0.02
12/23/21 13:01,1644,32.88,0.02
12/23/21 13:03,1645,32.9,0.02
12/23/21 13:07,1646,32.92,0.02
12/23/21 13:08,1647,32.94,0.02
12/23/21 13:09,1648,32.96,0.02
12/23/21 13:12,1649,32.98,0.02
12/23/21 13:15,1650,33,0.02
12/23/21 13:17,1651,33.02,0.02
12/23/21 13:20,1652,33.04,0.02
12/23/21 13:22,1653,33.06,0.02
12/23/21 13:25,1654,33.08,0.02
12/23/21 13:27,1655,33.1,0.02
12/23/21 13:28,1656,33.12,0.02
12/23/21 13:28,1657,33.14,0.02
12/23/21 13:30,1658,33.16,0.02
12/23/21 13:31,1659,33.18,0.02
12/23/21 13:33,1660,33.2,0.02
12/23/21 13:34,1661,33.22,0.02
12/23/21 13:36,1662,33.24,0.02
12/23/21 13:37,1663,33.26,0.02
12/23/21 13:38,1664,33.28,0.02
12/23/21 13:40,1665,33.3,0.02
12/23/21 13:42,1666,33.32,0.02
12/23/21 13:43,1667,33.34,0.02
12/23/21 13:44,1668,33.36,0.02
12/23/21 13:45,1669,33.38,0.02
12/23/21 13:47,1670,33.4,0.02
12/23/21 13:48,1671,33.42,0.02
12/23/21 13:50,1672,33.44,0.02
12/23/21 13:52,1673,33.46,0.02
12/23/21 13:54,1674,33.48,0.02
12/23/21 13:55,1675,33.5,0.02
12/23/21 13:58,1676,33.52,0.02
12/23/21 13:59,1677,33.54,0.02
12/23/21 14:01,1678,33.56,0.02
12/23/21 14:02,1679,33.58,0.02
12/23/21 14:04,1680,33.6,0.02
12/23/21 14:06,1681,33.62,0.02
12/23/21 14:09,1682,33.64,0.02
12/23/21 14:10,1683,33.66,0.02
12/23/21 14:11,1684,33.68,0.02
12/23/21 14:12,1685,33.7,0.02
12/23/21 14:14,1686,33.72,0.02
12/23/21 14:17,1687,33.74,0.02
12/23/21 14:19,1688,33.76,0.02
12/23/21 14:21,1689,33.78,0.02
12/23/21 14:23,1690,33.8,0.02
12/23/21 14:26,1691,33.82,0.02
12/23/21 14:28,1692,33.84,0.02
12/23/21 14:29,1693,33.86,0.02
12/23/21 14:31,1694,33.88,0.02
12/23/21 14:32,1695,33.9,0.02
12/23/21 14:33,1696,33.92,0.02
12/23/21 14:34,1697,33.94,0.02
12/23/21 14:35,1698,33.96,0.02
12/23/21 14:37,1699,33.98,0.02
12/23/21 14:40,1700,34,0.02
12/23/21 14:42,1701,34.02,0.02
12/23/21 14:44,1702,34.04,0.02
12/23/21 14:46,1703,34.06,0.02
12/23/21 14:48,1704,34.08,0.02
12/23/21 14:51,1705,34.1,0.02
12/23/21 14:54,1706,34.12,0.02
12/23/21 14:57,1707,34.14,0.02
12/23/21 15:00,1708,34.16,0.02
12/23/21 15:04,1709,34.18,0.02
12/23/21 15:06,1710,34.2,0.02
12/23/21 15:08,1711,34.22,0.02
12/23/21 15:10,1712,34.24,0.02
12/23/21 15:15,1713,34.26,0.02
12/23/21 15:18,1714,34.28,0.02
12/23/21 15:23,1715,34.3,0.02
12/23/21 15:26,1716,34.32,0.02
12/23/21 15:31,1717,34.34,0.02
12/23/21 15:35,1718,34.36,0.02
12/23/21 15:39,1719,34.38,0.02
12/23/21 15:44,1720,34.4,0.02
12/23/21 15:47,1721,34.42,0.02
12/23/21 15:51,1722,34.44,0.02
12/23/21 15:55,1723,34.46,0.02
12/23/21 15:58,1724,34.48,0.02
12/23/21 16:05,1725,34.5,0.02
12/23/21 16:10,1726,34.52,0.02
12/23/21 16:13,1727,34.54,0.02
12/23/21 16:16,1728,34.56,0.02
12/23/21 16:25,1729,34.58,0.02
12/23/21 16:30,1730,34.6,0.02
12/23/21 16:41,1731,34.62,0.02
12/23/21 16:42,1732,34.64,0.02
12/23/21 16:43,1733,34.66,0.02
12/23/21 16:44,1734,34.68,0.02
12/23/21 16:45,1735,34.7,0.02
12/23/21 16:47,1736,34.72,0.02
12/23/21 16:50,1737,34.74,0.02
12/23/21 16:53,1738,34.76,0.02
12/23/21 16:54,1739,34.78,0.02
12/23/21 16:57,1740,34.8,0.02
12/23/21 16:59,1741,34.82,0.02
12/23/21 17:01,1742,34.84,0.02
12/23/21 17:04,1743,34.86,0.02
12/23/21 17:06,1744,34.88,0.02
12/23/21 17:09,1745,34.9,0.02
12/23/21 17:11,1746,34.92,0.02
12/23/21 17:13,1747,34.94,0.02
12/23/21 17:15,1748,34.96,0.02
12/23/21 17:17,1749,34.98,0.02
12/23/21 17:19,1750,35,0.02
12/23/21 17:21,1751,35.02,0.02
12/23/21 17:23,1752,35.04,0.02
12/23/21 17:26,1753,35.06,0.02
12/23/21 17:31,1754,35.08,0.02
12/23/21 17:35,1755,35.1,0.02
12/23/21 17:38,1756,35.12,0.02
12/23/21 17:40,1757,35.14,0.02
12/23/21 17:42,1758,35.16,0.02
12/23/21 17:44,1759,35.18,0.02
12/23/21 17:47,1760,35.2,0.02
12/23/21 17:50,1761,35.22,0.02
12/23/21 17:53,1762,35.24,0.02
12/23/21 17:57,1763,35.26,0.02
12/23/21 18:03,1764,35.28,0.02
12/23/21 18:05,1765,35.3,0.02
12/23/21 18:08,1766,35.32,0.02
12/23/21 18:12,1767,35.34,0.02
12/23/21 18:19,1768,35.36,0.02
12/23/21 18:24,1769,35.38,0.02
12/23/21 18:29,1770,35.4,0.02
12/23/21 18:34,1771,35.42,0.02
12/23/21 18:38,1772,35.44,0.02
12/23/21 18:40,1773,35.46,0.02
12/23/21 18:42,1774,35.48,0.02
12/23/21 18:44,1775,35.5,0.02
12/23/21 18:48,1776,35.52,0.02
12/23/21 18:50,1777,35.54,0.02
12/23/21 18:52,1778,35.56,0.02
12/23/21 18:54,1779,35.58,0.02
12/23/21 18:56,1780,35.6,0.02
12/23/21 18:57,1781,35.62,0.02
12/23/21 18:58,1782,35.64,0.02
12/23/21 19:00,1783,35.66,0.02
12/23/21 19:02,1784,35.68,0.02
12/23/21 19:06,1785,35.7,0.02
12/23/21 19:07,1786,35.72,0.02
12/23/21 19:09,1787,35.74,0.02
12/23/21 19:11,1788,35.76,0.02
12/23/21 19:12,1789,35.78,0.02
12/23/21 19:15,1790,35.8,0.02
12/23/21 19:21,1791,35.82,0.02
12/23/21 19:22,1792,35.84,0.02
12/23/21 19:23,1793,35.86,0.02
12/23/21 19:30,1794,35.88,0.02
12/23/21 19:33,1795,35.9,0.02
12/23/21 19:35,1796,35.92,0.02
12/23/21 19:36,1797,35.94,0.02
12/23/21 19:37,1798,35.96,0.02
12/23/21 19:39,1799,35.98,0.02
12/23/21 19:40,1800,36,0.02
12/23/21 19:42,1801,36.02,0.02
12/23/21 19:45,1802,36.04,0.02
12/23/21 19:46,1803,36.06,0.02
12/23/21 19:47,1804,36.08,0.02
12/23/21 19:48,1805,36.1,0.02
12/23/21 19:50,1806,36.12,0.02
12/23/21 19:52,1807,36.14,0.02
12/23/21 19:54,1808,36.16,0.02
12/23/21 19:56,1809,36.18,0.02
12/23/21 19:57,1810,36.2,0.02
12/23/21 19:59,1811,36.22,0.02
12/23/21 20:01,1812,36.24,0.02
12/23/21 20:04,1813,36.26,0.02
12/23/21 20:06,1814,36.28,0.02
12/23/21 20:08,1815,36.3,0.02
12/23/21 20:10,1816,36.32,0.02
12/23/21 20:13,1817,36.34,0.02
12/23/21 20:15,1818,36.36,0.02
12/23/21 20:18,1819,36.38,0.02
12/23/21 20:20,1820,36.4,0.02
12/23/21 20:21,1821,36.42,0.02
12/23/21 20:24,1822,36.44,0.02
12/23/21 20:26,1823,36.46,0.02
12/23/21 20:29,1824,36.48,0.02
12/23/21 20:30,1825,36.5,0.02
12/23/21 20:32,1826,36.52,0.02
12/23/21 20:34,1827,36.54,0.02
12/23/21 20:36,1828,36.56,0.02
12/23/21 20:38,1829,36.58,0.02
12/23/21 20:40,1830,36.6,0.02
12/23/21 20:42,1831,36.62,0.02
12/23/21 20:44,1832,36.64,0.02
12/23/21 20:45,1833,36.66,0.02
12/23/21 20:47,1834,36.68,0.02
12/23/21 20:48,1835,36.7,0.02
12/23/21 20:49,1836,36.72,0.02
12/23/21 20:50,1837,36.74,0.02
12/23/21 20:52,1838,36.76,0.02
12/23/21 20:53,1839,36.78,0.02
12/23/21 20:56,1840,36.8,0.02
12/23/21 20:57,1841,36.82,0.02
12/23/21 20:59,1842,36.84,0.02
12/23/21 21:00,1843,36.86,0.02
12/23/21 21:02,1844,36.88,0.02
12/23/21 21:03,1845,36.9,0.02
12/23/21 21:04,1846,36.92,0.02
12/23/21 21:05,1847,36.94,0.02
12/23/21 21:06,1848,36.96,0.02
12/23/21 21:07,1849,36.98,0.02
12/23/21 21:09,1850,37,0.02
12/23/21 21:10,1851,37.02,0.02
12/23/21 21:12,1852,37.04,0.02
12/23/21 21:13,1853,37.06,0.02
12/23/21 21:16,1854,37.08,0.02
12/23/21 21:19,1855,37.1,0.02
12/23/21 21:22,1856,37.12,0.02
12/23/21 21:25,1857,37.14,0.02
12/23/21 21:28,1858,37.16,0.02
12/23/21 21:29,1859,37.18,0.02
12/23/21 21:32,1860,37.2,0.02
12/23/21 21:33,1861,37.22,0.02
12/23/21 21:35,1862,37.24,0.02
12/23/21 21:37,1863,37.26,0.02
12/23/21 21:39,1864,37.28,0.02
12/23/21 21:40,1865,37.3,0.02
12/23/21 21:40,1866,37.32,0.02
12/23/21 21:42,1867,37.34,0.02
12/23/21 21:43,1868,37.36,0.02
12/23/21 21:44,1869,37.38,0.02
12/23/21 21:46,1870,37.4,0.02
12/23/21 21:47,1871,37.42,0.02
12/23/21 21:48,1872,37.44,0.02
12/23/21 21:49,1873,37.46,0.02
12/23/21 21:51,1874,37.48,0.02
12/23/21 21:52,1875,37.5,0.02
12/23/21 21:53,1876,37.52,0.02
12/23/21 21:54,1877,37.54,0.02
12/23/21 21:55,1878,37.56,0.02
12/23/21 21:56,1879,37.58,0.02
12/23/21 21:57,1880,37.6,0.02
12/23/21 21:58,1881,37.62,0.02
12/23/21 22:00,1882,37.64,0.02
12/23/21 22:01,1883,37.66,0.02
12/23/21 22:03,1884,37.68,0.02
12/23/21 22:05,1885,37.7,0.02
12/23/21 22:07,1886,37.72,0.02
12/23/21 22:08,1887,37.74,0.02
12/23/21 22:10,1888,37.76,0.02
12/23/21 22:11,1889,37.78,0.02
12/23/21 22:12,1890,37.8,0.02
12/23/21 22:13,1891,37.82,0.02
12/23/21 22:15,1892,37.84,0.02
12/23/21 22:15,1893,37.86,0.02
12/23/21 22:17,1894,37.88,0.02
12/23/21 22:17,1895,37.9,0.02
12/23/21 22:19,1896,37.92,0.02
12/23/21 22:20,1897,37.94,0.02
12/23/21 22:21,1898,37.96,0.02
12/23/21 22:21,1899,37.98,0.02
12/23/21 22:22,1900,38,0.02
12/23/21 22:24,1901,38.02,0.02
12/23/21 22:25,1902,38.04,0.02
12/23/21 22:26,1903,38.06,0.02
12/23/21 22:27,1904,38.08,0.02
12/23/21 22:29,1905,38.1,0.02
12/23/21 22:31,1906,38.12,0.02
12/23/21 22:33,1907,38.14,0.02
12/23/21 22:35,1908,38.16,0.02
12/23/21 22:38,1909,38.18,0.02
12/23/21 22:40,1910,38.2,0.02
12/23/21 22:42,1911,38.22,0.02
12/23/21 22:44,1912,38.24,0.02
12/23/21 22:46,1913,38.26,0.02
12/23/21 22:47,1914,38.28,0.02
12/23/21 22:48,1915,38.3,0.02
12/23/21 22:49,1916,38.32,0.02
12/23/21 22:50,1917,38.34,0.02
12/23/21 22:51,1918,38.36,0.02
12/23/21 22:52,1919,38.38,0.02
12/23/21 22:53,1920,38.4,0.02
12/23/21 22:54,1921,38.42,0.02
12/23/21 22:55,1922,38.44,0.02
12/23/21 22:58,1923,38.46,0.02
12/23/21 22:59,1924,38.48,0.02
12/23/21 23:00,1925,38.5,0.02
12/23/21 23:03,1926,38.52,0.02
12/23/21 23:05,1927,38.54,0.02
12/23/21 23:06,1928,38.56,0.02
12/23/21 23:07,1929,38.58,0.02
12/23/21 23:09,1930,38.6,0.02
12/23/21 23:11,1931,38.62,0.02
12/23/21 23:14,1932,38.64,0.02
12/23/21 23:18,1933,38.66,0.02
12/23/21 23:24,1934,38.68,0.02
12/23/21 23:28,1935,38.7,0.02
12/23/21 23:30,1936,38.72,0.02
12/23/21 23:32,1937,38.74,0.02
12/23/21 23:33,1938,38.76,0.02
12/23/21 23:34,1939,38.78,0.02
12/23/21 23:35,1940,38.8,0.02
12/23/21 23:36,1941,38.82,0.02
12/23/21 23:38,1942,38.84,0.02
12/23/21 23:40,1943,38.86,0.02
12/23/21 23:41,1944,38.88,0.02
12/23/21 23:43,1945,38.9,0.02
12/23/21 23:45,1946,38.92,0.02
12/23/21 23:46,1947,38.94,0.02
12/23/21 23:47,1948,38.96,0.02
12/23/21 23:48,1949,38.98,0.02
12/23/21 23:49,1950,39,0.02
12/23/21 23:51,1951,39.02,0.02
12/23/21 23:52,1952,39.04,0.02
12/23/21 23:55,1953,39.06,0.02
12/23/21 23:59,1954,39.08,0.02
12/24/21 0:02,1955,39.1,0.02
12/24/21 0:06,1956,39.12,0.02
12/24/21 0:07,1957,39.14,0.02
12/24/21 0:09,1958,39.16,0.02
12/24/21 0:10,1959,39.18,0.02
12/24/21 0:13,1960,39.2,0.02
12/24/21 0:14,1961,39.22,0.02
12/24/21 0:15,1962,39.24,0.02
12/24/21 0:17,1963,39.26,0.02
12/24/21 0:19,1964,39.28,0.02
12/24/21 0:21,1965,39.3,0.02
12/24/21 0:23,1966,39.32,0.02
12/24/21 0:25,1967,39.34,0.02
12/24/21 0:29,1968,39.36,0.02
12/24/21 0:31,1969,39.38,0.02
12/24/21 0:32,1970,39.4,0.02
12/24/21 0:34,1971,39.42,0.02
12/24/21 0:37,1972,39.44,0.02
12/24/21 0:40,1973,39.46,0.02
12/24/21 0:41,1974,39.48,0.02
12/24/21 0:44,1975,39.5,0.02
12/24/21 0:46,1976,39.52,0.02
12/24/21 0:50,1977,39.54,0.02
12/24/21 0:53,1978,39.56,0.02
12/24/21 0:55,1979,39.58,0.02
12/24/21 0:59,1980,39.6,0.02
12/24/21 1:01,1981,39.62,0.02
12/24/21 1:03,1982,39.64,0.02
12/24/21 1:04,1983,39.66,0.02
12/24/21 1:05,1984,39.68,0.02
12/24/21 1:06,1985,39.7,0.02
12/24/21 1:08,1986,39.72,0.02
12/24/21 1:10,1987,39.74,0.02
12/24/21 1:12,1988,39.76,0.02
12/24/21 1:14,1989,39.78,0.02
12/24/21 1:15,1990,39.8,0.02
12/24/21 1:17,1991,39.82,0.02
12/24/21 1:19,1992,39.84,0.02
12/24/21 1:21,1993,39.86,0.02
12/24/21 1:24,1994,39.88,0.02
12/24/21 1:26,1995,39.9,0.02
12/24/21 1:31,1996,39.92,0.02
12/24/21 1:35,1997,39.94,0.02
12/24/21 1:39,1998,39.96,0.02
12/24/21 1:40,1999,39.98,0.02
12/24/21 1:41,2000,40,0.02
12/24/21 1:42,2001,40.02,0.02
12/24/21 1:44,2002,40.04,0.02
12/24/21 1:48,2003,40.06,0.02
12/24/21 1:59,2004,40.08,0.02
12/24/21 2:01,2005,40.1,0.02
12/24/21 2:07,2006,40.12,0.02
12/24/21 2:11,2007,40.14,0.02
12/24/21 2:13,2008,40.16,0.02
12/24/21 2:14,2009,40.18,0.02
12/24/21 2:16,2010,40.2,0.02
12/24/21 2:18,2011,40.22,0.02
12/24/21 2:20,2012,40.24,0.02
12/24/21 2:22,2013,40.26,0.02
12/24/21 2:24,2014,40.28,0.02
12/24/21 2:32,2015,40.3,0.02
12/24/21 2:37,2016,40.32,0.02
12/24/21 2:39,2017,40.34,0.02
12/24/21 2:47,2018,40.36,0.02
12/24/21 2:50,2019,40.38,0.02
12/24/21 2:53,2020,40.4,0.02
12/24/21 2:58,2021,40.42,0.02
12/24/21 3:40,2022,40.44,0.02
12/24/21 3:43,2023,40.46,0.02
12/24/21 3:48,2024,40.48,0.02
12/24/21 3:50,2025,40.5,0.02
12/24/21 3:55,2026,40.52,0.02
12/24/21 3:56,2027,40.54,0.02
12/24/21 3:57,2028,40.56,0.02
12/24/21 3:57,2029,40.58,0.02
12/24/21 3:58,2030,40.6,0.02
12/24/21 4:00,2031,40.62,0.02
12/24/21 4:04,2032,40.64,0.02
12/24/21 4:08,2033,40.66,0.02
12/24/21 4:09,2034,40.68,0.02
12/24/21 4:09,2035,40.7,0.02
12/24/21 4:10,2036,40.72,0.02
12/24/21 4:10,2037,40.74,0.02
12/24/21 4:10,2038,40.76,0.02
12/24/21 4:11,2039,40.78,0.02
12/24/21 4:11,2040,40.8,0.02
12/24/21 4:13,2041,40.82,0.02
12/24/21 4:17,2042,40.84,0.02
12/24/21 4:21,2043,40.86,0.02
12/24/21 4:23,2044,40.88,0.02
12/24/21 4:24,2045,40.9,0.02
12/24/21 4:25,2046,40.92,0.02
12/24/21 4:26,2047,40.94,0.02
12/24/21 4:28,2048,40.96,0.02
12/24/21 4:41,2049,40.98,0.02
12/24/21 5:21,2050,41,0.02
12/24/21 5:51,2051,41.02,0.02
12/24/21 6:00,2052,41.04,0.02
12/24/21 6:00,2053,41.06,0.02
12/24/21 6:01,2054,41.08,0.02
12/24/21 6:01,2055,41.1,0.02
12/24/21 6:02,2056,41.12,0.02
12/24/21 6:05,2057,41.14,0.02
12/24/21 6:06,2058,41.16,0.02
12/24/21 6:08,2059,41.18,0.02
12/24/21 6:14,2060,41.2,0.02
12/24/21 6:49,2061,41.22,0.02
12/24/21 7:48,2062,41.24,0.02
12/24/21 7:55,2063,41.26,0.02
12/24/21 8:06,2064,41.28,0.02
12/24/21 8:11,2065,41.3,0.02
12/24/21 8:13,2066,41.32,0.02
12/24/21 8:16,2067,41.34,0.02
12/24/21 8:17,2068,41.36,0.02
12/24/21 8:19,2069,41.38,0.02
12/24/21 8:21,2070,41.4,0.02
12/24/21 8:23,2071,41.42,0.02
12/24/21 8:26,2072,41.44,0.02
12/24/21 8:29,2073,41.46,0.02
12/24/21 8:33,2074,41.48,0.02
12/24/21 11:05,2075,41.5,0.02
12/24/21 11:38,2076,41.52,0.02
12/24/21 12:04,2077,41.54,0.02
12/24/21 12:07,2078,41.56,0.02
12/24/21 12:08,2079,41.58,0.02
12/24/21 12:09,2080,41.6,0.02
12/24/21 12:09,2081,41.62,0.02
12/24/21 12:13,2082,41.64,0.02
12/24/21 12:22,2083,41.66,0.02
12/24/21 13:09,2084,41.68,0.02
12/25/21 16:26,2085,41.7,0.02
12/25/21 16:31,2086,41.72,0.02
12/25/21 16:53,2087,41.74,0.02
12/25/21 17:35,2088,41.76,0.02
12/25/21 17:36,2089,41.78,0.02
12/25/21 17:37,2090,41.8,0.02
12/25/21 17:41,2091,41.82,0.02
12/25/21 18:20,2092,41.84,0.02
12/25/21 20:45,2093,41.86,0.02
12/25/21 21:01,2094,41.88,0.02
12/25/21 21:17,2095,41.9,0.02
12/25/21 21:22,2096,41.92,0.02
12/25/21 22:34,2097,41.94,0.02
12/25/21 22:45,2098,41.96,0.02
12/25/21 22:55,2099,41.98,0.02
12/25/21 22:59,2100,42,0.02
12/25/21 23:04,2101,42.02,0.02
12/25/21 23:08,2102,42.04,0.02
12/25/21 23:11,2103,42.06,0.02
12/25/21 23:13,2104,42.08,0.02
12/25/21 23:15,2105,42.1,0.02
12/25/21 23:19,2106,42.12,0.02
12/25/21 23:21,2107,42.14,0.02
12/25/21 23:22,2108,42.16,0.02
12/25/21 23:24,2109,42.18,0.02
12/25/21 23:25,2110,42.2,0.02
12/25/21 23:27,2111,42.22,0.02
12/25/21 23:29,2112,42.24,0.02
12/25/21 23:32,2113,42.26,0.02
12/25/21 23:35,2114,42.28,0.02
12/25/21 23:36,2115,42.3,0.02
12/25/21 23:38,2116,42.32,0.02
12/25/21 23:40,2117,42.34,0.02
12/25/21 23:42,2118,42.36,0.02
12/25/21 23:44,2119,42.38,0.02
12/25/21 23:46,2120,42.4,0.02
12/25/21 23:48,2121,42.42,0.02
12/25/21 23:52,2122,42.44,0.02
12/25/21 23:53,2123,42.46,0.02
12/25/21 23:54,2124,42.48,0.02
12/25/21 23:56,2125,42.5,0.02
12/25/21 23:57,2126,42.52,0.02
12/25/21 23:59,2127,42.54,0.02
12/26/21 0:00,2128,42.56,0.02
12/26/21 0:02,2129,42.58,0.02
12/26/21 0:03,2130,42.6,0.02
12/26/21 0:04,2131,42.62,0.02
12/26/21 0:05,2132,42.64,0.02
12/26/21 0:07,2133,42.66,0.02
12/26/21 0:09,2134,42.68,0.02
12/26/21 0:10,2135,42.7,0.02
12/26/21 0:12,2136,42.72,0.02
12/26/21 0:14,2137,42.74,0.02
12/26/21 0:15,2138,42.76,0.02
12/26/21 0:16,2139,42.78,0.02
12/26/21 0:18,2140,42.8,0.02
12/26/21 0:21,2141,42.82,0.02
12/26/21 0:22,2142,42.84,0.02
12/26/21 0:24,2143,42.86,0.02
12/26/21 0:26,2144,42.88,0.02
12/26/21 0:27,2145,42.9,0.02
12/26/21 0:28,2146,42.92,0.02
12/26/21 0:29,2147,42.94,0.02
12/26/21 0:30,2148,42.96,0.02
12/26/21 0:32,2149,42.98,0.02
12/26/21 0:33,2150,43,0.02
12/26/21 0:35,2151,43.02,0.02
12/26/21 0:36,2152,43.04,0.02
12/26/21 0:37,2153,43.06,0.02
12/26/21 0:38,2154,43.08,0.02
12/26/21 0:40,2155,43.1,0.02
12/26/21 0:41,2156,43.12,0.02
12/26/21 0:42,2157,43.14,0.02
12/26/21 0:44,2158,43.16,0.02
12/26/21 0:45,2159,43.18,0.02
12/26/21 0:46,2160,43.2,0.02
12/26/21 0:49,2161,43.22,0.02
12/26/21 0:52,2162,43.24,0.02
12/26/21 0:58,2163,43.26,0.02
12/26/21 1:01,2164,43.28,0.02
12/26/21 1:02,2165,43.3,0.02
12/26/21 1:04,2166,43.32,0.02
12/26/21 1:05,2167,43.34,0.02
12/26/21 1:06,2168,43.36,0.02
12/26/21 1:08,2169,43.38,0.02
12/26/21 1:09,2170,43.4,0.02
12/26/21 1:10,2171,43.42,0.02
12/26/21 1:12,2172,43.44,0.02
12/26/21 1:13,2173,43.46,0.02
12/26/21 1:15,2174,43.48,0.02
12/26/21 1:16,2175,43.5,0.02
12/26/21 1:17,2176,43.52,0.02
12/26/21 1:18,2177,43.54,0.02
12/26/21 1:18,2178,43.56,0.02
12/26/21 1:19,2179,43.58,0.02
12/26/21 1:20,2180,43.6,0.02
12/26/21 1:21,2181,43.62,0.02
12/26/21 1:22,2182,43.64,0.02
12/26/21 1:23,2183,43.66,0.02
12/26/21 1:24,2184,43.68,0.02
12/26/21 1:25,2185,43.7,0.02
12/26/21 1:26,2186,43.72,0.02
12/26/21 1:28,2187,43.74,0.02
12/26/21 1:30,2188,43.76,0.02
12/26/21 1:31,2189,43.78,0.02
12/26/21 1:33,2190,43.8,0.02
12/26/21 1:33,2191,43.82,0.02
12/26/21 1:34,2192,43.84,0.02
12/26/21 1:35,2193,43.86,0.02
12/26/21 1:35,2194,43.88,0.02
12/26/21 1:36,2195,43.9,0.02
12/26/21 1:37,2196,43.92,0.02
12/26/21 1:39,2197,43.94,0.02
12/26/21 1:40,2198,43.96,0.02
12/26/21 1:42,2199,43.98,0.02
12/26/21 1:44,2200,44,0.02
12/26/21 1:46,2201,44.02,0.02
12/26/21 1:47,2202,44.04,0.02
12/26/21 1:49,2203,44.06,0.02
12/26/21 1:51,2204,44.08,0.02
12/26/21 1:54,2205,44.1,0.02
12/26/21 1:57,2206,44.12,0.02
12/26/21 1:59,2207,44.14,0.02
12/26/21 2:06,2208,44.16,0.02
12/27/21 14:47,2209,44.18,0.02
12/27/21 15:19,2210,44.2,0.02
12/27/21 15:33,2211,44.22,0.02
12/27/21 15:44,2212,44.24,0.02
12/27/21 15:56,2213,44.26,0.02
12/27/21 16:07,2214,44.28,0.02
12/27/21 16:14,2215,44.3,0.02
12/27/21 16:18,2216,44.32,0.02
12/27/21 16:31,2217,44.34,0.02
12/27/21 16:37,2218,44.36,0.02
12/27/21 16:41,2219,44.38,0.02
12/27/21 16:45,2220,44.4,0.02
12/27/21 16:49,2221,44.42,0.02
12/27/21 16:52,2222,44.44,0.02
12/27/21 16:56,2223,44.46,0.02
12/27/21 17:00,2224,44.48,0.02
12/27/21 17:05,2225,44.5,0.02
12/27/21 17:08,2226,44.52,0.02
12/27/21 17:11,2227,44.54,0.02
12/27/21 17:14,2228,44.56,0.02
12/27/21 17:17,2229,44.58,0.02
12/27/21 17:21,2230,44.6,0.02
12/27/21 17:24,2231,44.62,0.02
12/27/21 17:27,2232,44.64,0.02
12/27/21 17:31,2233,44.66,0.02
12/27/21 17:35,2234,44.68,0.02
12/27/21 17:39,2235,44.7,0.02
12/27/21 17:43,2236,44.72,0.02
12/27/21 17:50,2237,44.74,0.02
12/27/21 17:55,2238,44.76,0.02
12/27/21 18:08,2239,44.78,0.02
12/27/21 18:26,2240,44.8,0.02
12/27/21 18:34,2241,44.82,0.02
12/27/21 18:44,2242,44.84,0.02
12/27/21 19:59,2243,44.86,0.02
12/27/21 20:36,2244,44.88,0.02
12/27/21 21:42,2245,44.9,0.02
12/28/21 1:00,2246,44.92,0.02
12/29/21 4:04,2247,44.94,0.02
12/29/21 13:35,2248,44.96,0.02
12/29/21 13:49,2249,44.98,0.02
12/29/21 14:31,2250,45,0.02
12/29/21 14:38,2251,45.02,0.02
12/29/21 14:53,2252,45.04,0.02
12/29/21 15:20,2253,45.06,0.02
12/29/21 15:30,2254,45.08,0.02
12/29/21 15:38,2255,45.1,0.02
12/29/21 15:44,2256,45.12,0.02
12/29/21 15:50,2257,45.14,0.02
12/29/21 16:02,2258,45.16,0.02
12/29/21 16:11,2259,45.18,0.02
12/29/21 16:18,2260,45.2,0.02
12/29/21 16:26,2261,45.22,0.02
12/29/21 16:33,2262,45.24,0.02
12/29/21 16:42,2263,45.26,0.02
12/29/21 16:46,2264,45.28,0.02
12/29/21 16:53,2265,45.3,0.02
12/29/21 16:58,2266,45.32,0.02
12/29/21 17:01,2267,45.34,0.02
12/29/21 17:06,2268,45.36,0.02
12/29/21 17:10,2269,45.38,0.02
12/29/21 17:16,2270,45.4,0.02
12/29/21 17:22,2271,45.42,0.02
12/29/21 17:30,2272,45.44,0.02
12/29/21 17:35,2273,45.46,0.02
12/29/21 17:41,2274,45.48,0.02
12/29/21 17:44,2275,45.5,0.02
12/29/21 17:47,2276,45.52,0.02
12/29/21 17:50,2277,45.54,0.02
12/29/21 17:53,2278,45.56,0.02
12/29/21 17:58,2279,45.58,0.02
12/29/21 18:01,2280,45.6,0.02
12/29/21 18:04,2281,45.62,0.02
12/29/21 18:07,2282,45.64,0.02
12/29/21 18:10,2283,45.66,0.02
12/29/21 18:13,2284,45.68,0.02
12/29/21 18:17,2285,45.7,0.02
12/29/21 18:21,2286,45.72,0.02
12/29/21 18:25,2287,45.74,0.02
12/29/21 18:27,2288,45.76,0.02
12/29/21 18:30,2289,45.78,0.02
12/29/21 18:32,2290,45.8,0.02
12/29/21 18:35,2291,45.82,0.02
12/29/21 18:39,2292,45.84,0.02
12/29/21 18:43,2293,45.86,0.02
12/29/21 18:46,2294,45.88,0.02
12/29/21 18:48,2295,45.9,0.02
12/29/21 18:50,2296,45.92,0.02
12/29/21 18:53,2297,45.94,0.02
12/29/21 18:56,2298,45.96,0.02
12/29/21 18:58,2299,45.98,0.02
12/29/21 19:01,2300,46,0.02
12/29/21 19:03,2301,46.02,0.02
12/29/21 19:06,2302,46.04,0.02
12/29/21 19:08,2303,46.06,0.02
12/29/21 19:10,2304,46.08,0.02
12/29/21 19:11,2305,46.1,0.02
12/29/21 19:14,2306,46.12,0.02
12/29/21 19:16,2307,46.14,0.02
12/29/21 19:19,2308,46.16,0.02
12/29/21 19:22,2309,46.18,0.02
12/29/21 19:25,2310,46.2,0.02
12/29/21 19:27,2311,46.22,0.02
12/29/21 19:30,2312,46.24,0.02
12/29/21 19:32,2313,46.26,0.02
12/29/21 19:35,2314,46.28,0.02
12/29/21 19:37,2315,46.3,0.02
12/29/21 19:39,2316,46.32,0.02
12/29/21 19:42,2317,46.34,0.02
12/29/21 19:45,2318,46.36,0.02
12/29/21 19:48,2319,46.38,0.02
12/29/21 19:51,2320,46.4,0.02
12/29/21 19:56,2321,46.42,0.02
12/29/21 20:01,2322,46.44,0.02
12/29/21 20:05,2323,46.46,0.02
12/29/21 20:08,2324,46.48,0.02
12/29/21 20:11,2325,46.5,0.02
12/29/21 20:14,2326,46.52,0.02
12/29/21 20:16,2327,46.54,0.02
12/29/21 20:18,2328,46.56,0.02
12/29/21 20:21,2329,46.58,0.02
12/29/21 20:24,2330,46.6,0.02
12/29/21 20:26,2331,46.62,0.02
12/29/21 20:31,2332,46.64,0.02
12/29/21 20:33,2333,46.66,0.02
12/29/21 20:35,2334,46.68,0.02
12/29/21 20:37,2335,46.7,0.02
12/29/21 20:39,2336,46.72,0.02
12/29/21 20:41,2337,46.74,0.02
12/29/21 20:48,2338,46.76,0.02
12/29/21 20:51,2339,46.78,0.02
12/29/21 20:52,2340,46.8,0.02
12/29/21 20:54,2341,46.82,0.02
12/29/21 20:55,2342,46.84,0.02
12/29/21 20:57,2343,46.86,0.02
12/29/21 21:00,2344,46.88,0.02
12/29/21 21:02,2345,46.9,0.02
12/29/21 21:04,2346,46.92,0.02
12/29/21 21:06,2347,46.94,0.02
12/29/21 21:08,2348,46.96,0.02
12/29/21 21:10,2349,46.98,0.02
12/29/21 21:12,2350,47,0.02
12/29/21 21:14,2351,47.02,0.02
12/29/21 21:16,2352,47.04,0.02
12/29/21 21:19,2353,47.06,0.02
12/29/21 21:22,2354,47.08,0.02
12/29/21 21:25,2355,47.1,0.02
12/29/21 21:27,2356,47.12,0.02
12/29/21 21:31,2357,47.14,0.02
12/29/21 21:36,2358,47.16,0.02
12/29/21 21:44,2359,47.18,0.02
12/29/21 21:47,2360,47.2,0.02
12/29/21 21:49,2361,47.22,0.02
12/29/21 21:51,2362,47.24,0.02
12/29/21 21:53,2363,47.26,0.02
12/29/21 21:57,2364,47.28,0.02
12/29/21 22:01,2365,47.3,0.02
12/29/21 22:03,2366,47.32,0.02
12/29/21 22:06,2367,47.34,0.02
12/29/21 22:09,2368,47.36,0.02
12/29/21 22:11,2369,47.38,0.02
12/29/21 22:14,2370,47.4,0.02
12/29/21 22:17,2371,47.42,0.02
12/29/21 22:22,2372,47.44,0.02
12/29/21 22:25,2373,47.46,0.02
12/29/21 22:28,2374,47.48,0.02
12/29/21 22:30,2375,47.5,0.02
12/29/21 22:33,2376,47.52,0.02
12/29/21 22:35,2377,47.54,0.02
12/29/21 22:38,2378,47.56,0.02
12/29/21 22:41,2379,47.58,0.02
12/29/21 22:43,2380,47.6,0.02
12/29/21 22:46,2381,47.62,0.02
12/29/21 22:49,2382,47.64,0.02
12/29/21 22:52,2383,47.66,0.02
12/29/21 22:54,2384,47.68,0.02
12/29/21 22:57,2385,47.7,0.02
12/29/21 22:59,2386,47.72,0.02
12/29/21 23:01,2387,47.74,0.02
12/29/21 23:05,2388,47.76,0.02
12/29/21 23:07,2389,47.78,0.02
12/29/21 23:10,2390,47.8,0.02
12/29/21 23:13,2391,47.82,0.02
12/29/21 23:15,2392,47.84,0.02
12/29/21 23:18,2393,47.86,0.02
12/29/21 23:22,2394,47.88,0.02
12/29/21 23:25,2395,47.9,0.02
12/29/21 23:29,2396,47.92,0.02
12/29/21 23:32,2397,47.94,0.02
12/29/21 23:35,2398,47.96,0.02
12/29/21 23:37,2399,47.98,0.02
12/29/21 23:40,2400,48,0.02
12/29/21 23:41,2401,48.02,0.02
12/29/21 23:44,2402,48.04,0.02
12/29/21 23:46,2403,48.06,0.02
12/29/21 23:48,2404,48.08,0.02
12/29/21 23:50,2405,48.1,0.02
12/29/21 23:52,2406,48.12,0.02
12/29/21 23:54,2407,48.14,0.02
12/29/21 23:56,2408,48.16,0.02
12/29/21 23:58,2409,48.18,0.02
12/30/21 0:01,2410,48.2,0.02
12/30/21 0:03,2411,48.22,0.02
12/30/21 0:05,2412,48.24,0.02
12/30/21 0:07,2413,48.26,0.02
12/30/21 0:09,2414,48.28,0.02
12/30/21 0:12,2415,48.3,0.02
12/30/21 0:14,2416,48.32,0.02
12/30/21 0:15,2417,48.34,0.02
12/30/21 0:18,2418,48.36,0.02
12/30/21 0:22,2419,48.38,0.02
12/30/21 0:26,2420,48.4,0.02
12/30/21 0:29,2421,48.42,0.02
12/30/21 0:31,2422,48.44,0.02
12/30/21 0:33,2423,48.46,0.02
12/30/21 0:35,2424,48.48,0.02
12/30/21 0:37,2425,48.5,0.02
12/30/21 0:40,2426,48.52,0.02
12/30/21 0:41,2427,48.54,0.02
12/30/21 0:43,2428,48.56,0.02
12/30/21 0:44,2429,48.58,0.02
12/30/21 0:46,2430,48.6,0.02
12/30/21 0:48,2431,48.62,0.02
12/30/21 0:51,2432,48.64,0.02
12/30/21 0:53,2433,48.66,0.02
12/30/21 0:57,2434,48.68,0.02
12/30/21 1:00,2435,48.7,0.02
12/30/21 1:03,2436,48.72,0.02
12/30/21 1:05,2437,48.74,0.02
12/30/21 1:07,2438,48.76,0.02
12/30/21 1:09,2439,48.78,0.02
12/30/21 1:11,2440,48.8,0.02
12/30/21 1:13,2441,48.82,0.02
12/30/21 1:15,2442,48.84,0.02
12/30/21 1:17,2443,48.86,0.02
12/30/21 1:20,2444,48.88,0.02
12/30/21 1:22,2445,48.9,0.02
12/30/21 1:26,2446,48.92,0.02
12/30/21 1:28,2447,48.94,0.02
12/30/21 1:30,2448,48.96,0.02
12/30/21 1:32,2449,48.98,0.02
12/30/21 1:34,2450,49,0.02
12/30/21 1:36,2451,49.02,0.02
12/30/21 1:37,2452,49.04,0.02
12/30/21 1:38,2453,49.06,0.02
12/30/21 1:39,2454,49.08,0.02
12/30/21 1:41,2455,49.1,0.02
12/30/21 1:42,2456,49.12,0.02
12/30/21 1:44,2457,49.14,0.02
12/30/21 1:46,2458,49.16,0.02
12/30/21 1:48,2459,49.18,0.02
12/30/21 1:51,2460,49.2,0.02
12/30/21 1:54,2461,49.22,0.02
12/30/21 1:57,2462,49.24,0.02
12/30/21 2:00,2463,49.26,0.02
12/30/21 2:02,2464,49.28,0.02
12/30/21 2:05,2465,49.3,0.02
12/30/21 2:07,2466,49.32,0.02
12/30/21 2:08,2467,49.34,0.02
12/30/21 2:10,2468,49.36,0.02
12/30/21 2:11,2469,49.38,0.02
12/30/21 2:13,2470,49.4,0.02
12/30/21 2:15,2471,49.42,0.02
12/30/21 2:16,2472,49.44,0.02
12/30/21 2:18,2473,49.46,0.02
12/30/21 2:19,2474,49.48,0.02
12/30/21 2:21,2475,49.5,0.02
12/30/21 2:22,2476,49.52,0.02
12/30/21 2:23,2477,49.54,0.02
12/30/21 2:25,2478,49.56,0.02
12/30/21 2:26,2479,49.58,0.02
12/30/21 2:27,2480,49.6,0.02
12/30/21 2:29,2481,49.62,0.02
12/30/21 2:31,2482,49.64,0.02
12/30/21 2:33,2483,49.66,0.02
12/30/21 2:35,2484,49.68,0.02
12/30/21 2:37,2485,49.7,0.02
12/30/21 2:40,2486,49.72,0.02
12/30/21 2:44,2487,49.74,0.02
12/30/21 2:47,2488,49.76,0.02
12/30/21 2:51,2489,49.78,0.02
12/30/21 2:54,2490,49.8,0.02
12/30/21 2:56,2491,49.82,0.02
12/30/21 2:57,2492,49.84,0.02
12/30/21 2:59,2493,49.86,0.02
12/30/21 3:01,2494,49.88,0.02
12/30/21 3:04,2495,49.9,0.02
12/30/21 3:07,2496,49.92,0.02
12/30/21 3:10,2497,49.94,0.02
12/30/21 3:14,2498,49.96,0.02
12/30/21 3:18,2499,49.98,0.02
12/30/21 3:22,2500,50,0.02
12/30/21 3:24,2501,50.02,0.02
12/30/21 3:25,2502,50.04,0.02
12/30/21 3:27,2503,50.06,0.02
12/30/21 3:29,2504,50.08,0.02
12/30/21 3:30,2505,50.1,0.02
12/30/21 3:32,2506,50.12,0.02
12/30/21 3:34,2507,50.14,0.02
12/30/21 3:37,2508,50.16,0.02
12/30/21 3:41,2509,50.18,0.02
12/30/21 3:45,2510,50.2,0.02
12/30/21 3:48,2511,50.22,0.02
12/30/21 3:52,2512,50.24,0.02
12/30/21 3:54,2513,50.26,0.02
12/30/21 3:56,2514,50.28,0.02
12/30/21 3:59,2515,50.3,0.02
12/30/21 4:02,2516,50.32,0.02
12/30/21 4:04,2517,50.34,0.02
12/30/21 4:08,2518,50.36,0.02
12/30/21 4:11,2519,50.38,0.02
12/30/21 4:15,2520,50.4,0.02
12/30/21 4:17,2521,50.42,0.02
12/30/21 4:21,2522,50.44,0.02
12/30/21 4:23,2523,50.46,0.02
12/30/21 4:27,2524,50.48,0.02
12/30/21 4:30,2525,50.5,0.02
12/30/21 4:33,2526,50.52,0.02
12/30/21 4:37,2527,50.54,0.02
12/30/21 4:41,2528,50.56,0.02
12/30/21 4:43,2529,50.58,0.02
12/30/21 4:45,2530,50.6,0.02
12/30/21 4:49,2531,50.62,0.02
12/30/21 4:54,2532,50.64,0.02
12/30/21 4:57,2533,50.66,0.02
12/30/21 5:01,2534,50.68,0.02
12/30/21 5:06,2535,50.7,0.02
12/30/21 5:09,2536,50.72,0.02
12/30/21 5:13,2537,50.74,0.02
12/30/21 5:17,2538,50.76,0.02
12/30/21 5:22,2539,50.78,0.02
12/30/21 5:26,2540,50.8,0.02
12/30/21 5:31,2541,50.82,0.02
12/30/21 5:36,2542,50.84,0.02
12/30/21 5:40,2543,50.86,0.02
12/30/21 5:42,2544,50.88,0.02
12/30/21 5:44,2545,50.9,0.02
12/30/21 5:46,2546,50.92,0.02
12/30/21 5:49,2547,50.94,0.02
12/30/21 5:52,2548,50.96,0.02
12/30/21 5:54,2549,50.98,0.02
12/30/21 5:57,2550,51,0.02
12/30/21 5:59,2551,51.02,0.02
12/30/21 6:02,2552,51.04,0.02
12/30/21 6:05,2553,51.06,0.02
12/30/21 6:09,2554,51.08,0.02
12/30/21 6:12,2555,51.1,0.02
12/30/21 6:18,2556,51.12,0.02
12/30/21 6:21,2557,51.14,0.02
12/30/21 6:24,2558,51.16,0.02
12/30/21 6:26,2559,51.18,0.02
12/30/21 6:29,2560,51.2,0.02
12/30/21 6:33,2561,51.22,0.02
12/30/21 6:38,2562,51.24,0.02
12/30/21 6:42,2563,51.26,0.02
12/30/21 6:45,2564,51.28,0.02
12/30/21 6:48,2565,51.3,0.02
12/30/21 6:51,2566,51.32,0.02
12/30/21 6:53,2567,51.34,0.02
12/30/21 6:55,2568,51.36,0.02
12/30/21 6:58,2569,51.38,0.02
12/30/21 7:00,2570,51.4,0.02
12/30/21 7:02,2571,51.42,0.02
12/30/21 7:04,2572,51.44,0.02
12/30/21 7:05,2573,51.46,0.02
12/30/21 7:07,2574,51.48,0.02
12/30/21 7:10,2575,51.5,0.02
12/30/21 7:14,2576,51.52,0.02
12/30/21 7:18,2577,51.54,0.02
12/30/21 7:23,2578,51.56,0.02
12/30/21 7:28,2579,51.58,0.02
12/30/21 7:38,2580,51.6,0.02
12/30/21 7:42,2581,51.62,0.02
12/30/21 7:43,2582,51.64,0.02
12/30/21 7:45,2583,51.66,0.02
12/30/21 7:47,2584,51.68,0.02
12/30/21 7:49,2585,51.7,0.02
12/30/21 7:50,2586,51.72,0.02
12/30/21 7:51,2587,51.74,0.02
12/30/21 7:52,2588,51.76,0.02
12/30/21 7:54,2589,51.78,0.02
12/30/21 7:55,2590,51.8,0.02
12/30/21 7:56,2591,51.82,0.02
12/30/21 7:58,2592,51.84,0.02
12/30/21 8:01,2593,51.86,0.02
12/30/21 8:03,2594,51.88,0.02
12/30/21 8:04,2595,51.9,0.02
12/30/21 8:06,2596,51.92,0.02
12/30/21 8:08,2597,51.94,0.02
12/30/21 8:09,2598,51.96,0.02
12/30/21 8:11,2599,51.98,0.02
12/30/21 8:13,2600,52,0.02
12/30/21 8:14,2601,52.02,0.02
12/30/21 8:16,2602,52.04,0.02
12/30/21 8:19,2603,52.06,0.02
12/30/21 8:20,2604,52.08,0.02
12/30/21 8:22,2605,52.1,0.02
12/30/21 8:24,2606,52.12,0.02
12/30/21 8:26,2607,52.14,0.02
12/30/21 8:29,2608,52.16,0.02
12/30/21 8:32,2609,52.18,0.02
12/30/21 8:36,2610,52.2,0.02
12/30/21 8:39,2611,52.22,0.02
12/30/21 8:42,2612,52.24,0.02
12/30/21 8:45,2613,52.26,0.02
12/30/21 8:48,2614,52.28,0.02
12/30/21 8:50,2615,52.3,0.02
12/30/21 8:53,2616,52.32,0.02
12/30/21 8:55,2617,52.34,0.02
12/30/21 8:57,2618,52.36,0.02
12/30/21 8:58,2619,52.38,0.02
12/30/21 9:00,2620,52.4,0.02
12/30/21 9:02,2621,52.42,0.02
12/30/21 9:03,2622,52.44,0.02
12/30/21 9:04,2623,52.46,0.02
12/30/21 9:06,2624,52.48,0.02
12/30/21 9:07,2625,52.5,0.02
12/30/21 9:09,2626,52.52,0.02
12/30/21 9:11,2627,52.54,0.02
12/30/21 9:12,2628,52.56,0.02
12/30/21 9:14,2629,52.58,0.02
12/30/21 9:15,2630,52.6,0.02
12/30/21 9:16,2631,52.62,0.02
12/30/21 9:18,2632,52.64,0.02
12/30/21 9:19,2633,52.66,0.02
12/30/21 9:20,2634,52.68,0.02
12/30/21 9:21,2635,52.7,0.02
12/30/21 9:22,2636,52.72,0.02
12/30/21 9:23,2637,52.74,0.02
12/30/21 9:24,2638,52.76,0.02
12/30/21 9:26,2639,52.78,0.02
12/30/21 9:27,2640,52.8,0.02
12/30/21 9:28,2641,52.82,0.02
12/30/21 9:31,2642,52.84,0.02
12/30/21 9:33,2643,52.86,0.02
12/30/21 9:35,2644,52.88,0.02
12/30/21 9:36,2645,52.9,0.02
12/30/21 9:38,2646,52.92,0.02
12/30/21 9:39,2647,52.94,0.02
12/30/21 9:41,2648,52.96,0.02
12/30/21 9:42,2649,52.98,0.02
12/30/21 9:44,2650,53,0.02
12/30/21 9:45,2651,53.02,0.02
12/30/21 9:47,2652,53.04,0.02
12/30/21 9:49,2653,53.06,0.02
12/30/21 9:50,2654,53.08,0.02
12/30/21 9:53,2655,53.1,0.02
12/30/21 9:55,2656,53.12,0.02
12/30/21 9:57,2657,53.14,0.02
12/30/21 9:59,2658,53.16,0.02
12/30/21 10:01,2659,53.18,0.02
12/30/21 10:03,2660,53.2,0.02
12/30/21 10:04,2661,53.22,0.02
12/30/21 10:08,2662,53.24,0.02
12/30/21 10:14,2663,53.26,0.02
12/30/21 10:15,2664,53.28,0.02
12/30/21 10:17,2665,53.3,0.02
12/30/21 10:19,2666,53.32,0.02
12/30/21 10:20,2667,53.34,0.02
12/30/21 10:21,2668,53.36,0.02
12/30/21 10:22,2669,53.38,0.02
12/30/21 10:23,2670,53.4,0.02
12/30/21 10:25,2671,53.42,0.02
12/30/21 10:27,2672,53.44,0.02
12/30/21 10:31,2673,53.46,0.02
12/30/21 10:34,2674,53.48,0.02
12/30/21 10:36,2675,53.5,0.02
12/30/21 10:39,2676,53.52,0.02
12/30/21 10:42,2677,53.54,0.02
12/30/21 10:43,2678,53.56,0.02
12/30/21 10:45,2679,53.58,0.02
12/30/21 10:46,2680,53.6,0.02
12/30/21 10:48,2681,53.62,0.02
12/30/21 10:50,2682,53.64,0.02
12/30/21 10:52,2683,53.66,0.02
12/30/21 10:55,2684,53.68,0.02
12/30/21 10:58,2685,53.7,0.02
12/30/21 11:00,2686,53.72,0.02
12/30/21 11:03,2687,53.74,0.02
12/30/21 11:06,2688,53.76,0.02
12/30/21 11:09,2689,53.78,0.02
12/30/21 11:13,2690,53.8,0.02
12/30/21 11:14,2691,53.82,0.02
12/30/21 11:15,2692,53.84,0.02
12/30/21 11:15,2693,53.86,0.02
12/30/21 11:16,2694,53.88,0.02
12/30/21 11:19,2695,53.9,0.02
12/30/21 11:25,2696,53.92,0.02
12/30/21 11:31,2697,53.94,0.02
12/30/21 11:34,2698,53.96,0.02
12/30/21 11:35,2699,53.98,0.02
12/30/21 11:37,2700,54,0.02
12/30/21 11:39,2701,54.02,0.02
12/30/21 11:41,2702,54.04,0.02
12/30/21 11:49,2703,54.06,0.02
12/30/21 11:57,2704,54.08,0.02
12/30/21 12:03,2705,54.1,0.02
12/30/21 12:06,2706,54.12,0.02
12/30/21 12:13,2707,54.14,0.02
12/30/21 12:30,2708,54.16,0.02
12/30/21 12:38,2709,54.18,0.02
12/30/21 12:50,2710,54.2,0.02
12/30/21 12:53,2711,54.22,0.02
12/30/21 12:55,2712,54.24,0.02
12/30/21 12:57,2713,54.26,0.02
12/30/21 13:00,2714,54.28,0.02
12/30/21 13:03,2715,54.3,0.02
12/30/21 13:05,2716,54.32,0.02
12/30/21 13:08,2717,54.34,0.02
12/30/21 13:12,2718,54.36,0.02
12/30/21 13:17,2719,54.38,0.02
12/30/21 13:24,2720,54.4,0.02
12/30/21 13:31,2721,54.42,0.02
12/30/21 13:37,2722,54.44,0.02
12/30/21 13:40,2723,54.46,0.02
12/30/21 13:43,2724,54.48,0.02
12/30/21 13:45,2725,54.5,0.02
12/30/21 13:47,2726,54.52,0.02
12/30/21 13:49,2727,54.54,0.02
12/30/21 13:52,2728,54.56,0.02
12/30/21 13:59,2729,54.58,0.02
12/30/21 14:02,2730,54.6,0.02
12/30/21 14:06,2731,54.62,0.02
12/30/21 14:10,2732,54.64,0.02
12/30/21 14:15,2733,54.66,0.02
12/30/21 14:20,2734,54.68,0.02
12/30/21 14:26,2735,54.7,0.02
12/30/21 14:28,2736,54.72,0.02
12/30/21 14:30,2737,54.74,0.02
12/30/21 14:35,2738,54.76,0.02
12/30/21 14:41,2739,54.78,0.02
12/30/21 14:49,2740,54.8,0.02
12/30/21 14:55,2741,54.82,0.02
12/30/21 14:57,2742,54.84,0.02
12/30/21 15:02,2743,54.86,0.02
12/30/21 15:05,2744,54.88,0.02
12/30/21 15:11,2745,54.9,0.02
12/30/21 15:17,2746,54.92,0.02
12/30/21 15:21,2747,54.94,0.02
12/30/21 15:24,2748,54.96,0.02
12/30/21 15:28,2749,54.98,0.02
12/30/21 15:33,2750,55,0.02
12/30/21 15:37,2751,55.02,0.02
12/30/21 15:43,2752,55.04,0.02
12/30/21 15:47,2753,55.06,0.02
12/30/21 15:53,2754,55.08,0.02
12/30/21 15:56,2755,55.1,0.02
12/30/21 16:00,2756,55.12,0.02
12/30/21 16:04,2757,55.14,0.02
12/30/21 16:08,2758,55.16,0.02
12/30/21 16:12,2759,55.18,0.02
12/30/21 16:17,2760,55.2,0.02
12/30/21 16:21,2761,55.22,0.02
12/30/21 16:27,2762,55.24,0.02
12/30/21 16:33,2763,55.26,0.02
12/30/21 16:41,2764,55.28,0.02
12/30/21 16:45,2765,55.3,0.02
12/30/21 16:47,2766,55.32,0.02
12/30/21 16:52,2767,55.34,0.02
12/30/21 17:03,2768,55.36,0.02
12/30/21 17:08,2769,55.38,0.02
12/30/21 17:11,2770,55.4,0.02
12/30/21 17:13,2771,55.42,0.02
12/30/21 17:16,2772,55.44,0.02
12/30/21 17:18,2773,55.46,0.02
12/30/21 17:21,2774,55.48,0.02
12/30/21 17:23,2775,55.5,0.02
12/30/21 17:25,2776,55.52,0.02
12/30/21 17:27,2777,55.54,0.02
12/30/21 17:30,2778,55.56,0.02
12/30/21 17:31,2779,55.58,0.02
12/30/21 17:32,2780,55.6,0.02
12/30/21 17:35,2781,55.62,0.02
12/30/21 17:38,2782,55.64,0.02
12/30/21 17:42,2783,55.66,0.02
12/30/21 17:47,2784,55.68,0.02
12/30/21 17:51,2785,55.7,0.02
12/30/21 17:53,2786,55.72,0.02
12/30/21 17:58,2787,55.74,0.02
12/30/21 18:02,2788,55.76,0.02
12/30/21 18:09,2789,55.78,0.02
12/30/21 18:18,2790,55.8,0.02
12/30/21 19:15,2791,55.82,0.02
12/30/21 19:19,2792,55.84,0.02
12/30/21 19:22,2793,55.86,0.02
12/30/21 19:34,2794,55.88,0.02
1/17/22 11:39,2795,55.9,0.02
1/17/22 11:45,2796,55.92,0.02
1/17/22 11:47,2797,55.94,0.02
1/17/22 11:59,2798,55.96,0.02
1/17/22 12:32,2799,55.98,0.02
1/17/22 12:47,2800,56,0.02
1/17/22 12:48,2801,56.02,0.02
1/17/22 12:49,2802,56.04,0.02
1/17/22 12:50,2803,56.06,0.02
1/17/22 12:51,2804,56.08,0.02
1/17/22 12:53,2805,56.1,0.02
1/17/22 12:55,2806,56.12,0.02
1/17/22 12:57,2807,56.14,0.02
1/17/22 12:58,2808,56.16,0.02
1/17/22 12:59,2809,56.18,0.02
1/17/22 12:59,2810,56.2,0.02
1/17/22 13:01,2811,56.22,0.02
1/17/22 13:05,2812,56.24,0.02
1/17/22 13:29,2813,56.26,0.02
1/17/22 13:33,2814,56.28,0.02
1/17/22 13:39,2815,56.3,0.02
1/17/22 14:10,2816,56.32,0.02
1/17/22 17:10,2817,56.34,0.02
1/17/22 17:17,2818,56.36,0.02
1/17/22 17:53,2819,56.38,0.02
1/17/22 18:55,2820,56.4,0.02
1/17/22 20:20,2821,56.42,0.02
1/17/22 20:25,2822,56.44,0.02
1/17/22 20:29,2823,56.46,0.02
1/17/22 22:05,2824,56.48,0.02
1/18/22 0:33,2825,56.5,0.02
1/18/22 0:39,2826,56.52,0.02
1/18/22 0:50,2827,56.54,0.02
2/15/22 13:27,2828,56.56,0.02
2/15/22 13:28,2829,56.58,0.02
2/15/22 13:31,2830,56.6,0.02
2/15/22 13:39,2831,56.62,0.02
2/15/22 13:41,2832,56.64,0.02
2/15/22 13:43,2833,56.66,0.02
2/15/22 13:45,2834,56.68,0.02
2/15/22 13:48,2835,56.7,0.02
2/15/22 13:53,2836,56.72,0.02
2/15/22 13:54,2837,56.74,0.02
2/15/22 13:55,2838,56.76,0.02
2/15/22 13:56,2839,56.78,0.02
2/15/22 13:57,2840,56.8,0.02
2/15/22 13:58,2841,56.82,0.02
2/15/22 14:05,2842,56.84,0.02
2/15/22 14:13,2843,56.86,0.02
2/15/22 14:17,2844,56.88,0.02
2/15/22 14:19,2845,56.9,0.02
2/15/22 14:20,2846,56.92,0.02
2/15/22 14:21,2847,56.94,0.02
2/15/22 14:39,2848,56.96,0.02
2/15/22 14:40,2849,56.98,0.02
2/15/22 14:47,2850,57,0.02
2/15/22 23:59,2851,57.02,0.02
2/22/22 5:17,2852,57.04,0.02
2/22/22 6:19,2853,57.06,0.02
2/22/22 6:34,2854,57.08,0.02
2/22/22 7:18,2855,57.1,0.02
2/22/22 7:26,2856,57.12,0.02
2/22/22 8:27,2857,57.14,0.02
2/22/22 8:43,2858,57.16,0.02
2/22/22 9:09,2859,57.18,0.02
2/22/22 9:13,2860,57.2,0.02
2/22/22 9:27,2861,57.22,0.02
2/22/22 9:51,2862,57.24,0.02
3/4/22 1:46,2863,57.26,0.02
3/4/22 1:47,2864,57.28,0.02
3/4/22 1:48,2865,57.3,0.02
3/4/22 1:48,2866,57.32,0.02
3/4/22 1:49,2867,57.34,0.02
3/4/22 1:50,2868,57.36,0.02
3/4/22 1:51,2869,57.38,0.02
3/4/22 1:54,2870,57.4,0.02
3/4/22 2:33,2871,57.42,0.02
3/4/22 2:45,2872,57.44,0.02
3/4/22 2:47,2873,57.46,0.02
3/4/22 2:50,2874,57.48,0.02
3/4/22 2:55,2875,57.5,0.02
3/4/22 12:57,2876,57.52,0.02
3/5/22 2:13,2877,57.54,0.02
3/5/22 4:50,2878,57.56,0.02
3/5/22 10:20,2879,57.58,0.02
3/5/22 10:29,2880,57.6,0.02
3/5/22 10:34,2881,57.62,0.02
3/5/22 10:38,2882,57.64,0.02
3/5/22 10:48,2883,57.66,0.02
3/5/22 15:20,2884,57.68,0.02
3/5/22 15:29,2885,57.7,0.02
3/5/22 15:36,2886,57.72,0.02
3/5/22 15:41,2887,57.74,0.02
3/5/22 15:50,2888,57.76,0.02
3/28/22 9:58,2889,57.78,0.02
3/28/22 10:02,2890,57.8,0.02
3/28/22 10:08,2891,57.82,0.02
3/28/22 10:13,2892,57.84,0.02
3/28/22 10:17,2893,57.86,0.02
3/28/22 10:22,2894,57.88,0.02
3/28/22 10:26,2895,57.9,0.02
3/28/22 10:34,2896,57.92,0.02
3/28/22 10:40,2897,57.94,0.02
3/28/22 10:46,2898,57.96,0.02
3/28/22 10:50,2899,57.98,0.02
3/28/22 10:55,2900,58,0.02
3/28/22 10:58,2901,58.02,0.02
3/28/22 11:00,2902,58.04,0.02
3/28/22 11:04,2903,58.06,0.02
3/28/22 11:08,2904,58.08,0.02
3/28/22 11:11,2905,58.1,0.02
3/28/22 11:13,2906,58.12,0.02
3/28/22 11:16,2907,58.14,0.02
3/28/22 11:19,2908,58.16,0.02
3/28/22 11:21,2909,58.18,0.02
3/28/22 11:22,2910,58.2,0.02
3/28/22 11:24,2911,58.22,0.02
3/28/22 11:27,2912,58.24,0.02
3/28/22 11:29,2913,58.26,0.02
3/28/22 11:32,2914,58.28,0.02
3/28/22 11:33,2915,58.3,0.02
3/28/22 11:34,2916,58.32,0.02
3/28/22 11:35,2917,58.34,0.02
3/28/22 11:37,2918,58.36,0.02
3/28/22 11:38,2919,58.38,0.02
3/28/22 11:40,2920,58.4,0.02
3/28/22 11:42,2921,58.42,0.02
3/28/22 11:45,2922,58.44,0.02
3/28/22 11:47,2923,58.46,0.02
3/28/22 11:49,2924,58.48,0.02
3/28/22 11:51,2925,58.5,0.02
3/28/22 11:57,2926,58.52,0.02
3/28/22 12:06,2927,58.54,0.02
3/28/22 12:08,2928,58.56,0.02
3/28/22 12:14,2929,58.58,0.02
3/28/22 12:19,2930,58.6,0.02
3/28/22 12:21,2931,58.62,0.02
3/28/22 12:22,2932,58.64,0.02
3/28/22 12:23,2933,58.66,0.02
3/28/22 12:25,2934,58.68,0.02
3/28/22 12:28,2935,58.7,0.02
3/28/22 12:32,2936,58.72,0.02
3/28/22 12:33,2937,58.74,0.02
3/28/22 12:35,2938,58.76,0.02
3/28/22 12:37,2939,58.78,0.02
3/28/22 12:39,2940,58.8,0.02
3/28/22 12:40,2941,58.82,0.02
3/28/22 12:41,2942,58.84,0.02
3/28/22 12:42,2943,58.86,0.02
3/28/22 12:42,2944,58.88,0.02
3/28/22 12:43,2945,58.9,0.02
3/28/22 12:45,2946,58.92,0.02
3/28/22 12:46,2947,58.94,0.02
3/28/22 12:47,2948,58.96,0.02
3/28/22 12:48,2949,58.98,0.02
3/28/22 12:49,2950,59,0.02
3/28/22 12:50,2951,59.02,0.02
3/28/22 12:51,2952,59.04,0.02
3/28/22 12:52,2953,59.06,0.02
3/28/22 12:53,2954,59.08,0.02
3/28/22 12:55,2955,59.1,0.02
3/28/22 12:56,2956,59.12,0.02
3/28/22 12:56,2957,59.14,0.02
3/28/22 12:57,2958,59.16,0.02
3/28/22 12:58,2959,59.18,0.02
3/28/22 13:00,2960,59.2,0.02
3/28/22 13:00,2961,59.22,0.02
3/28/22 13:01,2962,59.24,0.02
3/28/22 13:02,2963,59.26,0.02
3/28/22 13:04,2964,59.28,0.02
3/28/22 13:05,2965,59.3,0.02
3/28/22 13:07,2966,59.32,0.02
3/28/22 13:09,2967,59.34,0.02
3/28/22 13:10,2968,59.36,0.02
3/28/22 13:11,2969,59.38,0.02
3/28/22 13:12,2970,59.4,0.02
3/28/22 13:13,2971,59.42,0.02
3/28/22 13:15,2972,59.44,0.02
3/28/22 13:16,2973,59.46,0.02
3/28/22 13:17,2974,59.48,0.02
3/28/22 13:18,2975,59.5,0.02
3/28/22 13:20,2976,59.52,0.02
3/28/22 13:21,2977,59.54,0.02
3/28/22 13:22,2978,59.56,0.02
3/28/22 13:23,2979,59.58,0.02
3/28/22 13:25,2980,59.6,0.02
3/28/22 13:26,2981,59.62,0.02
3/28/22 13:29,2982,59.64,0.02
3/28/22 13:31,2983,59.66,0.02
3/28/22 13:33,2984,59.68,0.02
3/28/22 13:36,2985,59.7,0.02
3/28/22 13:38,2986,59.72,0.02
3/28/22 13:40,2987,59.74,0.02
3/28/22 13:43,2988,59.76,0.02
3/28/22 13:45,2989,59.78,0.02
3/28/22 13:49,2990,59.8,0.02
3/28/22 13:51,2991,59.82,0.02
3/28/22 13:54,2992,59.84,0.02
3/28/22 13:56,2993,59.86,0.02
3/28/22 13:58,2994,59.88,0.02
3/28/22 14:06,2995,59.9,0.02
3/28/22 17:53,2996,59.92,0.02
3/28/22 17:59,2997,59.94,0.02
3/28/22 18:00,2998,59.96,0.02
3/28/22 18:04,2999,59.98,0.02
3/28/22 18:11,3000,60,0.02
3/28/22 18:17,3001,60.02,0.02
3/28/22 18:20,3002,60.04,0.02
3/28/22 18:27,3003,60.06,0.02
3/28/22 18:32,3004,60.08,0.02
3/28/22 18:37,3005,60.1,0.02
3/28/22 18:40,3006,60.12,0.02
3/28/22 18:42,3007,60.14,0.02
3/28/22 18:44,3008,60.16,0.02
3/28/22 18:45,3009,60.18,0.02
3/28/22 18:47,3010,60.2,0.02
3/28/22 18:50,3011,60.22,0.02
3/28/22 18:51,3012,60.24,0.02
3/28/22 18:53,3013,60.26,0.02
3/28/22 18:54,3014,60.28,0.02
3/28/22 18:57,3015,60.3,0.02
3/28/22 18:59,3016,60.32,0.02
3/28/22 19:02,3017,60.34,0.02
3/28/22 19:04,3018,60.36,0.02
3/28/22 19:07,3019,60.38,0.02
3/28/22 19:11,3020,60.4,0.02
3/28/22 19:14,3021,60.42,0.02
3/28/22 19:19,3022,60.44,0.02
3/28/22 19:24,3023,60.46,0.02
3/28/22 19:30,3024,60.48,0.02
3/28/22 19:50,3025,60.5,0.02
3/28/22 20:20,3026,60.52,0.02
3/28/22 20:23,3027,60.54,0.02
3/28/22 20:24,3028,60.56,0.02
3/28/22 20:26,3029,60.58,0.02
3/28/22 20:29,3030,60.6,0.02
3/28/22 20:31,3031,60.62,0.02
3/28/22 20:43,3032,60.64,0.02
3/28/22 20:51,3033,60.66,0.02
3/28/22 21:12,3034,60.68,0.02
3/28/22 21:56,3035,60.7,0.02
3/28/22 22:09,3036,60.72,0.02
3/28/22 22:12,3037,60.74,0.02
3/28/22 22:19,3038,60.76,0.02
3/29/22 0:35,3039,60.78,0.02
3/29/22 2:45,3040,60.8,0.02