Date,Time,Location,Rain Sample ID,Rain (cm),Rain 𝛿18O,Rain SD 𝛿18O,Rain 𝛿D,Rain SD 𝛿D,Stream Sample ID,Stream 𝛿18O,Stream SD 𝛿18O,Stream 𝛿D,Stream SD 𝛿D,Cqj-Cqj-1,Cnew-Cqj-1,Fnew,Fnew %,SE,Cqj-Cqj-1 Error,Error,Error %
3/10/21,3:21,Henry,HR-1,0.22,-7.536316158,0.022586685,-39.49930627,0.098805735,,,,,,,,,,,,,
3/10/21,3:48,Henry,HR-2,0.12,-8.815325969,0.017822497,-50.70860723,0.030705978,,,,,,,,,,,,,
3/10/21,4:17,Henry,HR-3,0.1,-8.565841796,0.024479622,-47.76202128,0.103728933,,,,,,,,,,,,,
3/10/21,5:06,Henry,HR-4,0.1,-7.985800965,0.03159329,-43.36387021,0.017074644,,,,,,,,,,,,,
3/10/21,5:36,Henry,HR-5,0.2,-8.986151514,0.012875682,-50.54302075,0.004722354,,,,,,,,,,,,,
3/10/21,6:03,Henry,HR-6,0.08,-9.311505368,0.005546792,-54.53169039,0.02864005,,,,,,,,,,,,,
3/10/21,6:34,Henry,HR-7,0.02,-9.560831191,0.033170942,-56.37230697,0.023852262,,,,,,,,,,,,,
3/10/21,7:06,Henry,HR-8,0.02,-8.995665411,0.009486693,-52.47644352,0.029416891,,,,,,,,,,,,,
3/10/21,11:20,Henry,HR-9,0.02,-8.000445418,0.024902398,-44.5240974,0.167956556,,,,,,,,,,,,,
3/10/21,14:03,Henry,HR-10,0.02,-6.095533505,0.04419334,-33.38917005,0.100070652,,,,,,,,,,,,,
3/10/21,14:30,Henry,HR-11,0.16,-5.539292754,0.036039827,-26.2271205,0.132165147,,,,,,,,,,,,,
3/10/21,14:53,Henry,HR-12,0.02,-5.58367345,0.016068311,-24.87528127,0.087173078,,,,,,,,,,,,,
3/10/21,17:47,Henry,HR-13,0.12,-7.24249286,0.012100902,-33.72290881,0.078636677,,,,,,,,,,,,,
3/10/21,23:10,Henry,HR-14,0.22,-7.570160611,0.078761761,-38.74347339,0.319884384,HS-1,-7.0848139,0.01950537,-34.937222,0.12135081,,,,,,,,
3/10/21,23:48,Henry,HR-15,0.14,-9.8317165,0.0435822,-55.568733,0.08175908,HS-2,-7.671324805,0.009909209,-42.61658782,0.032991779,-0.586510905,-2.7469026,0.213517183,21.35171829,0.15,0.212132034,0.369837369,37
3/10/21,3:06,Louise,LR-1,0.22,-14.33321052,0.036386859,-101.9079549,0.148771245,LS-1,-7.1110788,0.0302401,-38.148589,0.07232818,,,,,,,,
3/10/21,3:36,Louise,LR-2,0.2,-4.558562646,0.009383902,-36.74007869,0.192347086,,,,,,,,,,,,,
3/10/21,4:03,Louise,LR-3,0.1,-13.11608689,0.017319779,-90.69733873,0.21771699,,,,,,,,,,,,,
3/10/21,4:33,Louise,LR-4,0.06,-7.627627269,0.008366078,-48.110129,0.138342444,,,,,,,,,,,,,
3/10/21,5:24,Louise,LR-5,0.22,-7.51390637,0.017685896,-47.04674767,0.006097296,LS-2,-7.968959394,0.009783735,-44.31329006,0.049668385,,,,,,,,
3/10/21,5:50,Louise,LR-6,0.1,-13.15911849,0.01588082,-90.92408432,0.131119937,,,,,,,,,,,,,
3/10/21,6:15,Louise,LR-7,0.04,-9.340145606,0.023110187,-59.9429382,0.082203892,,,,,,,,,,,,,
3/10/21,6:48,Louise,LR-8,0.2,-7.659124352,0.027569659,-47.88018437,0.044759326,,,,,,,,,,,,,
3/10/21,11:38,Louise,LR-9,0.02,-8.165489051,0.009089747,-51.97516361,0.008086367,,,,,,,,,,,,,
3/10/21,14:17,Louise,LR-10,0.06,-7.718003513,0.018839764,-48.04378796,0.033067523,,,,,,,,,,,,,
3/10/21,14:42,Louise,LR-11,0.12,-14.2387672,0.004643609,-99.80843925,0.140871408,,,,,,,,,,,,,
3/10/21,17:28,Louise,LR-12,0.12,-8.718789048,0.009111409,-54.97842098,0.123666924,,,,,,,,,,,,,
3/10/21,22:56,Louise,LR-13,0.16,-10.56983375,0.020122261,-77.83822073,0.367610802,LS-3,-7.231573595,0.026987522,-39.33220887,0.075993814,,,,,,,,
3/10/21,23:31,Louise,LR-14,0.16,-7.501001875,0.023139553,-48.08597913,0.033044739,LS-4,-7.816414425,0.062316276,-45.62988744,0.216557938,-0.58484083,-0.269428279,2.170673515,217.0673515,0.15,0.212132034,0.866873969,87
3/11/21,0:03,Louise,LR-15,0.06,-13.25735828,0.020100748,-92.68791039,0.08038971,,,,,,,,,,,,,
3/11/21,0:07,Henry,HR-16,0.08,-6.454295,0.02400085,-32.948546,0.08812711,,,,,,,,,,,,,
3/11/21,0:22,Henry,HR-17,0.06,-6.7426488,0.04876371,-36.036461,0.11776182,,,,,,,,,,,,,
3/15/21,7:45,Louise,LR-16,0.04,-12.05154966,0.006768149,-84.70021735,0.165817872,,,,,,,,,,,,,
3/15/21,8:15,Louise,LR-17,0.04,-10.00259105,0.008123506,-65.63723233,0.086117265,,,,,,,,,,,,,
3/15/21,8:35,Louise,LR-18,0.06,-7.744614814,0.022137149,-48.4544283,0.103710345,,,,,,,,,,,,,
3/15/21,8:45,Louise,LR-19,0.04,-5.002530094,0.012324764,-24.02827345,0.121503673,,,,,,,,,,,,,
3/15/21,9:00,Louise,LR-20,0.06,-4.758995941,0.079110003,-23.0674681,0.288968938,,,,,,,,,,,,,
3/15/21,9:20,Louise,LR-21,0.08,-5.242355877,0.028542681,-26.0137099,0.060921687,,,,,,,,,,,,,
3/15/21,11:10,Louise,LR-22,0.04,-7.798094765,0.012593225,-49.09439265,0.068439042,,,,,,,,,,,,,
3/15/21,11:26,Louise,LR-23,0.12,-7.70461208,0.025259841,-48.59906179,0.148742672,,,,,,,,,,,,,
3/15/21,11:41,Louise,LR-24,0.1,-7.767063173,0.012067257,-48.70150495,0.040051442,,,,,,,,,,,,,
3/15/21,11:51,Louise,LR-25,0.1,-7.564758618,0.006151094,-47.91554361,0.088035569,LS-5,-5.85927456,0.083091934,-27.83323072,0.262331258,,,,,,,,
3/15/21,12:00,Louise,LR-26,0.12,-7.542275568,0.017469855,-47.90503721,0.090324322,LS-6,-5.679207285,0.021500244,-29.31836197,0.064321054,,,,,,,,
3/15/21,12:18,Louise,,,,,,,LS-7,-6.316276068,0.023360785,-33.35442966,0.028559139,,,,,,,,
3/15/21,12:38,Louise,,,,,,,LS-8,-6.328923324,0.019874891,-34.8444982,0.13110234,,,,,,,,
3/15/21,13:00,Louise,,,,,,,LS-9,-6.710141253,0.003095304,-38.69393609,0.081375067,,,,,,,,
3/15/21,13:30,Louise,,,,,,,LS-10,-6.901950218,0.01357135,-39.62905252,0.012361905,,,,,,,,
3/15/21,16:10,Louise,LR-27,0.08,-7.632164875,0.028077366,-48.1394408,0.109855722,LS-11,-5.610220904,0.02863292,-27.23215223,0.081378405,,,,,,,,
3/15/21,16:46,Louise,LR-28,0.2,-6.815746654,0.013646731,-39.11245433,0.101178946,LS-12,-5.008032778,0.051596399,-23.56373356,0.155135465,,,,,,,,
3/15/21,17:07,Louise,,,,,,,LS-13,-5.521731681,0.026066011,-27.83742731,0.093853601,,,,,,,,
3/15/21,17:30,Louise,,,,,,,LS-14,-6.319781555,0.002336064,-34.71606107,0.051974663,,,,,,,,
3/15/21,7:45,Henry,LR-16,0.04,-12.05154966,0.006768149,-84.70021735,0.165817872,,,,,,,,,,,,,
3/15/21,8:15,Henry,LR-17,0.04,-10.00259105,0.008123506,-65.63723233,0.086117265,,,,,,,,,,,,,
3/15/21,8:35,Henry,LR-18,0.06,-7.744614814,0.022137149,-48.4544283,0.103710345,,,,,,,,,,,,,
3/15/21,8:45,Henry,LR-19,0.04,-5.002530094,0.012324764,-24.02827345,0.121503673,,,,,,,,,,,,,
3/15/21,9:00,Henry,LR-20,0.06,-4.758995941,0.079110003,-23.0674681,0.288968938,,,,,,,,,,,,,
3/15/21,9:20,Henry,LR-21,0.08,-5.242355877,0.028542681,-26.0137099,0.060921687,,,,,,,,,,,,,
3/15/21,11:10,Henry,LR-22,0.04,-7.798094765,0.012593225,-49.09439265,0.068439042,,,,,,,,,,,,,
3/15/21,11:26,Henry,LR-23,0.12,-7.70461208,0.025259841,-48.59906179,0.148742672,,,,,,,,,,,,,
3/15/21,11:41,Henry,LR-24,0.1,-7.767063173,0.012067257,-48.70150495,0.040051442,,,,,,,,,,,,,
3/15/21,11:51,Henry,LR-25,0.1,-7.564758618,0.006151094,-47.91554361,0.088035569,,,,,,,,,,,,,
3/15/21,12:00,Henry,LR-26,0.12,-7.542275568,0.017469855,-47.90503721,0.090324322,HS-3,-5.689723747,0.022140667,-27.48541282,0.122110194,,,,,,,,
3/15/21,12:30,Henry,,,,,,,HS-4,-5.983430266,0.014869315,-31.12451439,0.025001053,,,,,,,,
3/15/21,12:42,Henry,,,,,,,HS-5,-6.083172273,0.034154182,-30.74862906,0.187623744,,,,,,,,
3/15/21,12:50,Henry,,,,,,,HS-6,-6.466790202,0.006159768,-34.5977303,0.113007505,,,,,,,,
3/15/21,13:17,Henry,,,,,,,HS-7,-7.060886619,0.012132162,-39.70025399,0.104521752,,,,,,,,
3/15/21,13:50,Henry,,,,,,,HS-8,-7.069897752,0.016260539,-39.81446262,0.095000087,,,,,,,,
3/15/21,16:10,Henry,LR-27,0.08,-7.632164875,0.028077366,-48.1394408,0.109855722,HS-9,-5.994352492,0.022139174,-31.1050644,0.026836338,,,,,,,,
3/15/21,16:46,Henry,LR-28,0.2,-6.815746654,0.013646731,-39.11245433,0.101178946,HS-10,-5.383569893,0.015955108,-24.38770066,0.056917421,,,,,,,,
3/15/21,17:00,Henry,,,,,,,HS-11,-5.434561722,0.009235091,-24.58452672,0.048922923,,,,,,,,
3/15/21,17:20,Henry,,,,,,,HS-12,-6.617048988,0.029992908,-36.01337279,0.06190034,,,,,,,,
10/25/21,8:30,Louise,OLR-1,0.02,-1.405242921,0.019074873,2.935830137,0.13230907,,,,,,,,,,,,,
10/25/21,9:30,Louise,OLR-2,0.08,-1.390127717,0.019021104,4.099504693,0.107564714,,,,,,,,,,,,,
10/25/21,10:30,Louise,OLR-3,0.12,-2.015455764,0.038962104,2.459669761,0.061945089,,,,,,,,,,,,,
10/25/21,11:30,Louise,OLR-4,0.16,-2.20407103,0.019974527,1.312931477,0.036553079,,,,,,,,,,,,,
10/25/21,12:10,Louise,OLR-5,0.28,-2.486980467,0.019779149,-0.944804564,0.084922066,,,,,,,,,,,,,
10/25/21,13:00,Louise,OLR-6,0.38,-2.48803981,0.01975625,-1.519210671,0.040891958,,,,,,,,,,,,,
10/25/21,13:30,Louise,OLR-7,0.38,-3.253776695,0.019961222,-7.390494967,0.019419537,,,,,,,,,,,,,
10/25/21,14:00,Louise,OLR-8,0.52,-3.664017675,0.030549302,-10.46133037,0.048932804,,,,,,,,,,,,,
10/25/21,14:20,Louise,OLR-9,0.42,-3.88807929,0.029294415,-13.35023012,0.072767285,,,,,,,,,,,,,
10/25/21,14:35,Louise,OLR-10,0.14,-4.051228247,0.036659764,-14.74827766,0.020688769,,,,,,,,,,,,,
10/25/21,14:50,Louise,OLR-11,0.26,-4.524751614,0.009616368,-18.30321245,0.170511177,,,,,,,,,,,,,
10/25/21,15:05,Louise,OLR-12,0.18,-4.553482759,0.004527508,-18.6029479,0.019094841,OLS-4,-4.100224365,0.039749451,-15.56969363,0.041090583,,,,,,,,
10/25/21,15:20,Louise,OLR-13,0.08,-4.358523353,0.016267315,-22.53085448,0.025423251,OLS-5,-3.924536761,0.030121381,-14.81624266,0.141232657,,,,,,,,
10/25/21,15:35,Louise,OLR-14,0.04,-4.797468553,0.027466709,-22.8431724,0.050549956,,,,,,,,,,,,,
10/25/21,16:07,Louise,OLR-15,0.06,-5.90851782,0.023637045,-35.11801498,0.073258686,OLS-7,-3.0769127,0.06364874,-10.202832,0.07504922,,,,,,,,
10/25/21,16:30,Louise,OLR-16,0.08,-6.344021626,0.028921002,-37.44896855,0.039827392,,,,,,,,,,,,,
10/25/21,16:47,Louise,OLR-17,0.02,-3.849867506,0.021855087,-22.42632082,0.043277564,,,,,,,,,,,,,
10/25/21,8:30,Louise,OLR-1,0.02,-1.405242921,0.019074873,2.935830137,0.13230907,,,,,,,,,,,,,
10/25/21,9:30,Louise,OLR-2,0.08,-1.390127717,0.019021104,4.099504693,0.107564714,,,,,,,,,,,,,
10/25/21,10:30,Louise,OLR-3,0.12,-2.015455764,0.038962104,2.459669761,0.061945089,,,,,,,,,,,,,
10/25/21,11:30,Louise,OLR-4,0.16,-2.20407103,0.019974527,1.312931477,0.036553079,,,,,,,,,,,,,
10/25/21,12:10,Louise,OLR-5,0.28,-2.486980467,0.019779149,-0.944804564,0.084922066,,,,,,,,,,,,,
10/25/21,13:00,Louise,OLR-6,0.38,-2.48803981,0.01975625,-1.519210671,0.040891958,,,,,,,,,,,,,
10/25/21,13:30,Louise,OLR-7,0.38,-3.253776695,0.019961222,-7.390494967,0.019419537,,,,,,,,,,,,,
10/25/21,14:00,Louise,OLR-8,0.52,-3.664017675,0.030549302,-10.46133037,0.048932804,,,,,,,,,,,,,
10/25/21,14:20,Louise,OLR-9,0.42,-3.88807929,0.029294415,-13.35023012,0.072767285,,,,,,,,,,,,,
10/25/21,14:35,Louise,OLR-10,0.14,-4.051228247,0.036659764,-14.74827766,0.020688769,,,,,,,,,,,,,
10/25/21,14:50,Louise,OLR-11,0.26,-4.524751614,0.009616368,-18.30321245,0.170511177,OHS-3,-3.076912671,0.063648735,-10.20283184,0.075049219,,,,,,,,
10/25/21,15:05,Louise,OLR-12,0.18,-4.553482759,0.004527508,-18.6029479,0.019094841,OHS-4,-2.893998142,0.024007055,-9.809851527,0.054040007,,,,,,,,
10/25/21,15:20,Louise,OLR-13,0.08,-4.358523353,0.016267315,-22.53085448,0.025423251,OHS-5,-2.745153404,0.021513831,-9.367901612,0.014643396,,,,,,,,
10/25/21,15:35,Louise,OLR-14,0.04,-4.797468553,0.027466709,-22.8431724,0.050549956,OHS-6,-3.337584734,0.024609875,-10.91568168,0.099033087,,,,,,,,
10/25/21,16:07,Louise,OLR-15,0.06,-5.90851782,0.023637045,-35.11801498,0.073258686,OHS-8,-3.327939858,0.012886201,-11.84161658,0.053948239,,,,,,,,
10/25/21,16:30,Louise,OLR-16,0.08,-6.344021626,0.028921002,-37.44896855,0.039827392,,,,,,,,,,,,,
10/25/21,16:47,Louise,OLR-17,0.02,-3.849867506,0.021855087,-22.42632082,0.043277564,,,,,,,,,,,,,
12/14/21,5:00,Louise,,,,,,,DLS-1,-6.293871395,0.071431078,-24.59031942,0.099350026,,,,,,,,
12/14/21,5:05,Louise,,,,,,,DLS-2,-6.392197983,0.013917548,-25.35776573,0.154324119,,,,,,,,
12/14/21,5:15,Louise,DLR-1,0.14,-7.157691066,0.028127199,-30.98699793,0.05368025,DLS-3,-6.45129269,0.050072439,-26.66557794,0.105715742,-0.059094707,-0.765493083,0.077198225,7.719822486,0.15,0.212132034,3.600376635,360
12/14/21,5:33,Louise,DLR-2,0.28,-7.663822734,0.025753007,-36.22836112,0.046408243,DLS-4,-6.441559536,0.007915871,-27.61598011,0.070909133,0.009733154,-1.212530043,-0.008027145,-0.802714492,0.15,0.212132034,21.79548996,2180
12/14/21,5:48,Louise,DLR-3,0.2,-7.059416856,0.036942643,-30.81985693,0.045165373,DLS-5,-6.440085725,0.01987202,-27.87230623,0.063074838,0.001473811,-0.61785732,-0.002385358,-0.238535816,0.15,0.212132034,143.9347637,14393
12/14/21,6:08,Louise,DLR-4,0.36,-7.071364478,0.02490479,-30.61063181,0.023760324,DLS-6,-6.561125508,0.022843776,-28.06537996,0.035032871,-0.121039783,-0.631278753,0.191737457,19.17374566,0.15,0.212132034,1.78450562,178
12/14/21,6:28,Louise,DLR-5,0.24,-7.78397973,0.007994274,-36.03835153,0.032993657,DLS-7,-7.142279544,0.036784784,-32.01074913,0.09194701,-0.581154037,-1.222854223,0.475243922,47.5243922,0.15,0.212132034,0.404142818,40
12/14/21,6:45,Louise,DLR-6,0.2,-7.721937401,0.023740548,-35.60944334,0.046385861,DLS-8,-7.239573715,0.030754819,-32.84620877,0.01960172,-0.09729417,-0.579657857,0.167847583,16.78475831,0.15,0.212132034,2.210815474,221
12/14/21,7:05,Louise,DLR-7,0.22,-7.39037324,0.018154728,-35.25407165,0.119860359,DLS-9,-7.220548799,0.012019423,-33.16918795,0.070927842,0.019024916,-0.150799525,-0.126160316,-12.61603157,0.15,0.212132034,11.23860758,1124
12/14/21,7:25,Louise,DLR-8,0.4,-7.918998142,0.021549354,-38.45345225,0.078666035,DLS-10,-7.453777996,0.010643021,-35.50094086,0.049784152,-0.233229197,-0.698449343,0.333924284,33.39242842,0.15,0.212132034,0.95891284,96
12/14/21,7:45,Louise,DLR-9,0.44,-7.712541483,0.018315681,-37.3560907,0.090360717,DLS-11,-7.446797956,0.017263662,-35.97388944,0.024291358,0.00698004,-0.258763487,-0.026974594,-2.69745937,0.15,0.212132034,30.40228988,3040
12/14/21,8:05,Louise,DLR-10,0.4,-7.703276647,0.006489739,-38.64735731,0.078321904,DLS-12,-7.620835192,0.015329709,-37.58436098,0.054992491,-0.174037236,-0.256478691,0.678564115,67.85641149,0.15,0.212132034,1.473015497,147
12/14/21,8:25,Louise,DLR-11,0.54,-7.327159309,0.009860723,-35.98806961,0.050040005,DLS-13,-7.573934992,0.008117397,-36.93440947,0.084925653,0.0469002,0.293675883,0.159700549,15.97005487,0.15,0.212132034,4.580367256,458
12/14/21,8:45,Louise,DLR-12,0.48,-6.440683378,0.004048483,-29.11501602,0.061299537,DLS-14,-7.153299504,0.040064513,-33.74416007,0.107942861,0.420635488,1.133251614,0.371175723,37.11757234,0.15,0.212132034,0.537932591,54
12/14/21,9:05,Louise,DLR-13,0.6,-5.778586276,0.036650829,-23.5352359,0.054154523,DLS-15,-6.760195161,0.016847254,-31.27111124,0.089211217,0.393104343,1.374713229,0.285953706,28.59537064,0.15,0.212132034,0.561262189,56
12/14/21,9:25,Louise,DLR-14,0.44,-5.561117159,0.026125085,-22.737133,0.055078325,DLS-16,-6.494766501,0.035540018,-29.97435296,0.155718015,0.26542866,1.199078003,0.221360628,22.13606282,0.15,0.212132034,0.818552041,82
12/14/21,9:45,Louise,DLR-15,0.36,-5.454805038,0.01973098,-22.76437186,0.047814424,DLS-17,-6.450619416,0.042655264,-29.09315612,0.048976378,0.044147085,1.039961463,0.042450693,4.245069332,0.15,0.212132034,4.809447444,481
12/14/21,10:10,Louise,DLR-16,0.3,-5.416288361,0.03781469,-22.44508281,0.055059025,DLS-18,-6.400621963,0.018839183,-29.36172465,0.142422197,0.049997453,1.034331055,0.04833796,4.833796019,0.15,0.212132034,4.247810736,425
12/14/21,10:30,Louise,DLR-17,0.24,-5.704359887,0.007672153,-25.66996841,0.038416157,DLS-19,-5.952111191,0.025602232,-27.15426787,0.04687761,0.448510772,0.696262076,0.644169469,64.41694688,0.15,0.212132034,0.562606294,56
12/14/21,10:50,Louise,DLR-18,0.26,-5.44215266,0.027515698,-26.76841723,0.009287047,DLS-21,-6.3714225,0.012200982,-30.06030922,0.098519264,-0.419311308,0.509958531,-0.822245894,-82.2245894,0.15,0.212132034,0.654965057,65
12/14/21,11:10,Louise,DLR-19,0.16,-4.820319857,0.038114247,-20.33404962,0.087418907,DLS-22,-6.423634421,0.096928123,-29.49129358,0.214285858,-0.052211921,1.551102643,-0.033661164,-3.366116435,0.15,0.212132034,4.065205359,407
12/14/21,11:30,Louise,DLR-20,0.34,-5.069159502,0.049886011,-20.86322686,0.038171349,DLS-23,-6.197093503,0.01071865,-28.70803595,0.167363697,0.226540918,1.354474919,0.167253683,16.72536826,0.15,0.212132034,0.949403049,95
12/14/21,11:55,Louise,DLR-21,0.44,-4.863046982,0.02632571,-18.43926529,0.017631041,DLS-24,-5.999804426,0.036921938,-27.26470894,0.121874948,0.197289077,1.334046521,0.147887704,14.7887704,0.15,0.212132034,1.086929072,109
12/14/21,12:20,Louise,DLR-22,0.16,-4.553348531,0.04844195,-17.01782021,0.06129304,DLS-25,-5.960131151,0.033959039,-26.94496215,0.084932277,0.039673274,1.446455895,0.027427918,2.742791832,0.15,0.212132034,5.348986602,535
12/14/21,12:40,Louise,DLR-23,0.18,-4.206138895,0.007604199,-13.0074477,0.037154703,DLS-26,-6.00855754,0.026331454,-27.3345944,0.070311141,-0.048426389,1.753992257,-0.027609237,-2.760923739,0.15,0.212132034,4.382174183,438
12/14/21,13:00,Louise,DLR-24,0.24,-3.795951765,0.018500301,-15.58892719,0.106794156,DLS-27,-6.101722039,0.03348092,-28.52032269,0.048976985,-0.093164499,2.212605775,-0.042106235,-4.210623495,0.15,0.212132034,2.278979681,228
12/14/21,13:20,Louise,,,,,,,DLS-28,-6.283674479,0.039500781,-29.44862052,0.158614498,,,,,,,,
12/14/21,5:30,Henry,,,,,,,DHS-1,-5.7055478,0.0286444,-25.152758,0.21004404,,,,,,,,
12/14/21,6:00,Henry,DHR-1,0.46,-7.082913036,0.062110308,-31.08683771,0.129672752,DHS-2,-5.6872111,0.00914276,-24.862218,0.04473216,0.0183367,-1.377365236,-0.013312881,-1.331288138,0.15,0.212132034,11.56973893,1157
12/14/21,6:30,Henry,DHR-2,0.4,-7.477543568,0.01403581,-34.26395725,0.066884925,DHS-3,-6.6644695,0.01019293,-30.609221,0.02835834,-0.9772584,-1.790332468,0.545853029,54.58530287,0.15,0.212132034,0.2473015,25
12/14/21,7:00,Henry,DHR-3,0.32,-7.748628089,0.008312027,-36.27090744,0.075671796,DHS-4,-7.1213893,0.03593325,-33.139874,0.0139486,-0.4569198,-1.084158589,0.421451073,42.14510725,0.15,0.212132034,0.50381263,50
12/14/21,7:30,Henry,DHR-4,0.6,-7.85039607,0.019906032,-37.80754545,0.064661194,DHS-5,-7.2747781,0.03802855,-34.659849,0.11567025,-0.1533888,-0.72900677,0.210407923,21.04079226,0.15,0.212132034,1.413251056,141
12/14/21,8:00,Henry,DHR-5,0.66,-7.849954677,0.007086099,-39.38465138,0.042201394,DHS-6,-7.5899125,0.03874547,-37.187781,0.10559896,-0.3151344,-0.575176577,0.547891574,54.7891574,0.15,0.212132034,0.767561263,77
12/14/21,8:30,Henry,DHR-6,0.74,-7.47853111,0.026218941,-36.94284962,0.10855972,DHS-7,-7.2346635,0.01989678,-35.205069,0.06361859,0.355249,0.11138139,3.189482557,318.9482557,0.15,0.212132034,1.995971728,200
12/14/21,9:00,Henry,DHR-7,0.8,-6.470793964,0.055026498,-29.01237207,0.025921897,DHS-8,-6.8573895,0.04013758,-32.181414,0.05302152,0.377274,0.763869536,0.493898476,49.38984763,0.15,0.212132034,0.627116672,63
12/14/21,9:30,Henry,DHR-8,0.72,-5.736991706,0.015753056,-23.72659288,0.136788901,DHS-9,-6.535522,0.03817904,-29.917467,0.01750189,0.3218675,1.120397794,0.287279662,28.72796624,0.15,0.212132034,0.685723481,69
12/14/21,10:00,Henry,DHR-9,0.42,-5.632276103,0.046168473,-24.41034372,0.058658669,DHS-10,-6.4056843,0.05428225,-29.165116,0.07603576,0.1298377,0.903245897,0.143745685,14.37456848,0.15,0.212132034,1.650618054,165
12/14/21,10:30,Henry,DHR-10,0.38,-5.886841937,0.026036521,-26.47714564,0.086822419,DHS-11,-6.2534774,0.03013121,-28.707263,0.15150912,0.1522069,0.518842363,0.293358659,29.33586592,0.15,0.212132034,1.452441623,145
12/14/21,10:40,Henry,DHR-11,0.24,-6.435991018,0.003375146,-31.02711426,0.053339178,DHS-12,-6.2668016,0.03380385,-29.706596,0.04734416,-0.0133242,-0.182513618,0.073003868,7.300386759,0.15,0.212132034,15.96317744,1596
12/14/21,11:00,Henry,DHR-12,0.08,-5.495361037,0.034786542,-27.5481092,0.109708649,DHS-13,-6.3331232,0.02008876,-29.922755,0.06875122,-0.0663216,0.771440563,-0.085971108,-8.5971108,0.15,0.212132034,3.210334618,321
12/14/21,11:30,Henry,DHR-13,0.42,-4.384382098,0.022707021,-15.65551507,0.1343974,DHS-14,-6.3209811,0.04537951,-29.180606,0.12837433,0.0121421,1.948741102,0.00623074,0.623074044,0.15,0.212132034,17.47112543,1747
12/14/21,12:00,Henry,DHR-14,0.3,-5.354069413,0.03706251,-22.14692421,0.071408794,DHS-15,-5.9096374,0.04434892,-25.980116,0.06509484,0.4113437,0.966911687,0.425420135,42.54201345,0.15,0.212132034,0.560432225,56
12/14/21,12:30,Henry,DHR-15,0.44,-5.185937332,0.025559256,-21.44419102,0.059122756,DHS-16,-6.1222182,0.05256389,-28.047258,0.1687482,-0.2125808,0.723700068,-0.293741578,-29.37415781,0.15,0.212132034,1.040049319,104
12/14/21,13:00,Henry,DHR-16,0.32,-4.661715913,0.010876677,-18.5385774,0.043411598,DHS-17,-6.1400162,0.00493114,-28.144054,0.02320084,-0.017798,1.460502287,-0.012186219,-1.218621851,0.15,0.212132034,11.91975419,1192
12/23/21,11:15,Louise,,,,,,,DLS-50,-10.37561338,0.025199381,-67.39770487,0.076166227,,,,,,,,
12/23/21,11:38,Louise,DLR-50,0.06,-11.22218051,0.036582424,-72.70929316,0.108895873,DLS-51,-10.00891026,0.013438126,-64.17749004,0.038897611,0.366703113,-0.846567129,-0.433164838,-43.31648378,0.15,0.212132034,0.630423748,63
12/23/21,12:00,Louise,DLR-51,0.08,-11.19863983,0.012365159,-71.51601846,0.077242197,DLS-52,-10.14838887,0.046051649,-64.10852577,0.026777004,-0.139478605,-1.189729566,0.117235555,11.72355545,0.15,0.212132034,1.53130904,153
12/23/21,12:18,Louise,DLR-52,0.2,-11.22167609,0.033887861,-72.02782381,0.041320994,DLS-53,-10.19300121,0.062584312,-64.9591134,0.048268835,-0.044612343,-1.073287222,0.04156608,4.156608033,0.15,0.212132034,4.759113643,476
12/23/21,12:37,Louise,DLR-53,0.1,-10.79640933,0.025343063,-69.20494205,0.111923017,DLS-54,-10.2201472,0.010048612,-65.39443044,0.070997313,-0.027145991,-0.603408117,0.044987779,4.49877795,0.15,0.212132034,7.822392284,782
12/23/21,12:58,Louise,DLR-54,0.18,-11.13281249,0.008410974,-70.94631385,0.071040073,DLS-55,-10.55483797,0.023743145,-66.39156424,0.044093189,-0.33469077,-0.912665283,0.366717981,36.67179813,0.15,0.212132034,0.67508948,68
12/23/21,13:16,Louise,DLR-55,0.18,-10.94077289,0.062142187,-69.44776282,0.444087328,DLS-56,-10.27101441,0.029797981,-64.04758051,0.117705489,0.283823562,-0.385934916,-0.735418204,-73.54182039,0.15,0.212132034,0.927761984,93
12/23/21,13:35,Louise,DLR-56,0.22,-11.03021258,0.023133403,-68.78555724,0.121100524,DLS-57,-10.05602882,0.002732328,-62.4133135,0.04393881,0.214985589,-0.759198164,-0.283174537,-28.31745368,0.15,0.212132034,1.025525695,103
12/23/21,13:53,Louise,DLR-57,0.24,-11.44675546,0.013320354,-72.84357709,0.058009628,DLS-58,-10.24790648,0.02672784,-63.59016098,0.074261212,-0.19187766,-1.390726641,0.137969357,13.79693568,0.15,0.212132034,1.116031645,112
12/23/21,11:25,Henry,,,,,,,DHS-50,-9.936012877,0.016953941,-65.11091382,0.135840722,,,,,,,,
12/23/21,11:46,Henry,,,,,,,DHS-51,-10.20357806,0.002818005,-65.44029794,0.049494277,,,,,,,,
12/23/21,12:05,Henry,DHR-50,0.16,-10.14426225,0.017329814,-66.77429046,0.104320289,DHS-52,-9.98619513,0.033498459,-64.34144908,0.060736597,0.217382931,0.059315813,3.664839442,366.4839442,0.15,0.212132034,3.707061189,371
12/23/21,12:27,Henry,DHR-51,0.14,-9.869118384,0.013334844,-64.52352602,0.027188235,DHS-53,-10.26060986,0.028167737,-64.26131616,0.024978018,-0.274414733,0.117076746,-2.343887601,-234.3887601,0.15,0.212132034,1.969920003,197
12/23/21,12:47,Henry,DHR-52,0.18,-9.895440553,0.018795101,-64.71137954,0.108048996,DHS-54,-10.23158955,0.017126181,-64.23127292,0.083953536,0.029020316,0.36516931,0.079470851,7.947085084,0.15,0.212132034,7.332823461,733
12/23/21,13:07,Henry,DHR-53,0.18,-9.697383894,0.033181244,-62.03553178,0.011001606,DHS-55,-9.948793418,0.049218633,-61.3708239,0.067073883,0.28279613,0.534205653,0.529376895,52.93768949,0.15,0.212132034,0.848747433,85
12/23/21,13:25,Henry,DHR-54,0.16,-9.884074981,0.037074354,-63.26126873,0.099597229,DHS-56,-9.76223346,0.014315971,-59.9304852,0.043418112,0.186559958,0.064718437,2.882640057,288.2640057,0.15,0.212132034,3.469394238,347
12/23/21,13:45,Henry,DHR-55,0.3,-10.15473606,0.022314094,-64.73763481,0.020173855,DHS-57,-9.899657201,0.009070575,-60.38644732,0.058420365,-0.137423741,-0.392502599,0.350121861,35.01218614,0.15,0.212132034,1.63551364,164
12/24/21,5:35,Louise,,,,,,,DLS-59,-8.553418172,0.020330878,-49.47273155,0.121496153,,,,,,,,
12/24/21,6:05,Louise,,,,,,,DLS-60,-8.331240556,0.018406878,-48.51095244,0.056530487,,,,,,,,
12/24/21,6:31,Louise,,,,,,,DLS-61,-8.422429837,0.014810504,-48.75369494,0.111131639,,,,,,,,
12/24/21,6:50,Louise,,,,,,,DLS-62,-8.41669799,0.030134969,-48.22478549,0.051645485,,,,,,,,
12/24/21,7:13,Louise,DGR-50,0.04,-7.106142793,0.028595671,-36.12703017,0.120753264,DLS-63,-8.211644248,0.027076313,-46.86161199,0.090251152,,,,,,,,
12/24/21,7:35,Louise,DGR-51,,-6.801770581,0.033341464,-37.27984814,0.078604364,DLS-64,-8.186048707,0.011586382,-46.60481139,0.075595098,,,,,,,,
12/24/21,7:54,Louise,,,,,,,DLS-65,-8.449846639,0.026682744,-48.24566537,0.103819158,,,,,,,,
12/24/21,8:15,Louise,,,,,,,DLS-66,-8.383838755,0.018821216,-48.3002331,0.145717512,,,,,,,,
12/24/21,5:47,Henry,,,,,,,DHS-58,-8.770256735,0.017798664,-50.8661005,0.06394195,,,,,,,,
12/24/21,6:20,Henry,,,,,,,DHS-59,-8.786785924,0.027796501,-50.60286947,0.128358607,,,,,,,,
12/24/21,6:41,Henry,,,,,,,DHS-60,-8.608787904,0.017479826,-49.98799529,0.065995266,,,,,,,,
12/24/21,7:03,Henry,DGR-50,0.04,-7.106142793,0.028595671,-36.12703017,0.120753264,DHS-61,-8.454763307,0.037112589,-48.76629131,0.082069379,,,,,,,,
12/24/21,7:23,Henry,DGR-51,,-6.801770581,0.033341464,-37.27984814,0.078604364,DHS-62,-8.194570691,0.021981312,-45.7044682,0.139872954,,,,,,,,
12/24/21,7:45,Henry,,,,,,,DHS-63,-8.462135875,0.001377494,-47.89360119,0.037179037,,,,,,,,
12/24/21,8:03,Henry,,,,,,,DHS-64,-8.643396733,0.039066668,-49.39400098,0.106857088,,,,,,,,
3/28/22,10:00,Louise,MLR-3,,-3.720049993,0.025654655,-13.63046686,0.099965569,,,,,,,,,,,,,
3/28/22,10:30,Louise,MLR-4,,-4.228145981,0.053848281,-14.74084195,0.136741946,,,,,,,,,,,,,
3/28/22,11:00,Louise,MLR-5,,-5.306417408,0.039377225,-21.71549532,0.05770071,,,,,,,,,,,,,
3/28/22,11:30,Louise,MLR-6,,-6.195650347,0.037314955,-27.92969115,0.070321596,,,,,,,,,,,,,
3/28/22,12:00,Louise,MLR-7,,-6.141390834,0.021175244,-26.6228377,0.045525508,,,,,,,,,,,,,
3/28/22,12:30,Louise,MLR-8,,-5.861373127,0.01344044,-24.43778493,0.023637186,MLS-1,-5.870993472,0.043880184,-25.51393583,0.095821093,,,,,,,,
3/28/22,13:00,Louise,MLR-9,,-7.111003182,0.023060474,-35.19728283,0.063489546,MLS-2,-6.864605576,0.036118212,-33.3241868,0.015398295,-0.993612104,-1.24000971,0.801293809,80.12938089,0.15,0.212132034,0.428417305,43
3/28/22,13:30,Louise,MLR-10,,-7.79419777,0.096981858,-41.81904633,0.8830738,MLS-3,-7.280902298,0.033304002,-37.87020645,0.066431164,-0.416296722,-0.929592194,0.447827257,44.78272572,0.15,0.212132034,0.710734709,71
3/28/22,14:00,Louise,MLR-11,,-7.541039848,0.019735162,-43.25010841,0.027204495,MLS-4,-7.269482443,0.033087996,-38.74174353,0.006397572,0.011419856,-0.260137549,-0.043899298,-4.389929817,0.15,0.212132034,18.65990543,1866
3/28/22,14:30,Louise,MLR-12,,-7.136583136,0.022077042,-40.14727361,0.113893684,MLS-5,-7.116623718,0.027549518,-38.2627724,0.045186193,0.152858724,0.132899306,1.150184515,115.0184515,0.15,0.212132034,3.733146845,373
3/28/22,13:00,Louise,,,,,,,MLS-6,-7.131383653,0.009581482,-37.55771024,0.102507082,,,,,,,,
3/28/22,10:00,Henry,MHR-1,,-6.808625813,0.036916219,-38.84310374,0.065437626,,,,,,,,,,,,,
3/28/22,10:30,Henry,MHR-2,,-4.006168285,0.013577107,-14.67790941,0.106292377,,,,,,,,,,,,,
3/28/22,11:00,Henry,MHR-3,,-4.45340476,0.013903732,-15.44478713,0.236847552,,,,,,,,,,,,,
3/28/22,11:30,Henry,MLR-6,,-6.195650347,0.037314955,-27.92969115,0.070321596,,,,,,,,,,,,,
3/28/22,12:00,Henry,MLR-7,,-6.141390834,0.021175244,-26.6228377,0.045525508,,,,,,,,,,,,,
3/28/22,12:30,Henry,MLR-8,,-5.861373127,0.01344044,-24.43778493,0.023637186,MHS-1,-6.080592112,0.042116242,-26.93114259,0.053217476,,,,,,,,
3/28/22,13:00,Henry,MLR-9,,-7.111003182,0.023060474,-35.19728283,0.063489546,MHS-2,-6.244270855,0.023545878,-30.63250758,0.068226831,-0.163678743,-1.03041107,0.158848006,15.88480055,0.15,0.212132034,1.370941534,137
3/28/22,13:30,Henry,MLR-10,,-7.79419777,0.096981858,-41.81904633,0.8830738,MHS-3,-6.893125717,0.029805568,-34.51400742,0.099027312,-0.648854862,-1.549926914,0.41863578,41.86357795,0.15,0.212132034,0.441802958,44
3/28/22,14:00,Henry,MLR-11,,-7.541039848,0.019735162,-43.25010841,0.027204495,MHS-4,-6.961265225,0.035276158,-34.66634689,0.005087575,-0.068139508,-0.64791413,0.105167498,10.51674975,0.15,0.212132034,3.193329106,319
3/28/22,14:30,Henry,MLR-12,,-7.136583136,0.022077042,-40.14727361,0.113893684,MHS-5,-6.948825377,0.032423815,-34.64526044,0.146344822,0.012439848,-0.175317911,-0.070955943,-7.095594287,0.15,0.212132034,17.25380009,1725
,,,,,,,,,MHS-6,-6.986705127,0.024108361,-34.78082757,0.047681874,,,,,,,,